web-scraper-order,web-scraper-start-url,link,link-href,brand,product_name,category,price,rating,number_of_reviews,number_of_recommendations,repurchase_yes,repurchase_no,repurchase_maybe,repurchase_yes_num,repurchase_no_num,rating_imputed_mean,rating_imputed_median,number_of_recommendations_imputed_mean,number_of_recommendations_imputed_median,repurchase_yes_num_imputed_mean,repurchase_yes_num_imputed_median,repurchase_no_num_imputed_mean,repurchase_no_num_imputed_median
1639359750-2073,https://www.sociolla.com/146-face?page=9,,https://www.sociolla.com/liquid-foundation/13920-pro-color-foundation-mixing-pigment,LA GIRL,Pro Color Foundation Mixing Pigment,Pro Color Foundation Mixing Pigment,Rp 280.000Rp 196.000,4.3,(2),1.0,Yes (0),No (1),Maybe (1),0.0,1.0,4.3,4.3,1.0,2.0,0.0,1.0,1.0,1.0
1639359653-2058,https://www.sociolla.com/146-face?page=10,,https://www.sociolla.com/blush/16462-terracotta-blusher,NOTE COSMETICS,Terracotta Blusher,Terracotta Blusher,Rp 99.000Rp 64.350,4.7,(42),39.0,Yes (30),No (1),Maybe (11),30.0,1.0,4.7,4.6,39.0,39.0,30.0,30.0,1.0,1.0
1639359889-2092,https://www.sociolla.com/146-face?page=8,,https://www.sociolla.com/concealer/60978-serum-color-corrector,Wardah,,,,,,,,,,,,4.462214983713356,4.5,213.94193548387096,21.5,87.42948717948718,13.5,23.272435897435898,2.0
1639359528-2042,https://www.sociolla.com/146-face?page=11,,https://www.sociolla.com/face-primer/25246-dura-wear-pore-refining-primer,Mineral Botanica,Dura Wear Pore Refining Primer,Dura Wear Pore Refining Primer,Rp 80.000Rp 56.000,4.6,(31),20.0,Yes (23),No (0),Maybe (8),23.0,0.0,4.6,4.6,20.0,20.0,23.0,23.0,0.0,0.0
1639358362-1858,https://www.sociolla.com/146-face?page=23,,https://www.sociolla.com/loose-powder/25127-femme-banana-loose-powder,Madame Gie,Femme Banana Loose Powder,Femme Banana Loose Powder,Rp 62.700Rp 40.755,4.5,(41),37.0,Yes (18),No (3),Maybe (20),18.0,3.0,4.5,4.5,37.0,37.0,18.0,18.0,3.0,3.0
1639360345-2151,https://www.sociolla.com/146-face?page=3,,https://www.sociolla.com/foundation/10065-bare-with-me-mineral-cushion,Emina,Bare With Me Mineral Cushion,Bare With Me Mineral Cushion,Rp 126.000,4.4,"(2,4k)",2251.0,"Yes (1,4k)",No (283),Maybe (730),1.0,283.0,4.4,4.4,2251.0,228.0,1.0,1.0,283.0,17.0
1639359262-2004,https://www.sociolla.com/146-face?page=13,,https://www.sociolla.com/compact-powder/26392-biyas-illuminating-powder,Sada By Cathy Sharon,Biyas Illuminating Powder,Biyas Illuminating Powder,Rp 169.000,4.7,(8),6.0,Yes (5),No (1),Maybe (2),5.0,1.0,4.7,4.6,6.0,6.0,5.0,5.0,1.0,1.0
1639359448-2029,https://www.sociolla.com/146-face?page=12,,https://www.sociolla.com/blush/58261-hydrastay-liquid-tint-blush,Make Over,Hydrastay Liquid Tint Blush,Hydrastay Liquid Tint Blush,Rp 131.000,4.7,(19),15.0,Yes (14),No (0),Maybe (5),14.0,0.0,4.7,4.6,15.0,15.0,14.0,14.0,0.0,0.0
1639358543-1886,https://www.sociolla.com/146-face?page=22,,https://www.sociolla.com/liquid-foundation/15445-photoready-candid-foundation,Revlon,Photoready Candid Foundation,Photoready Candid Foundation,Rp 145.000Rp 101.500,4.1,(15),11.0,Yes (7),No (2),Maybe (6),7.0,2.0,4.1,4.2,11.0,11.0,7.0,7.0,2.0,2.0
1639360524-2177,https://www.sociolla.com/146-face?page=2,,https://www.sociolla.com/loose-powder/2609-silky-smooth-translucent-powder,Make Over,Silky Smooth Translucent Powder,Silky Smooth Translucent Powder,Rp 129.000Rp 90.300 - Rp 116.100,4.4,"(2,4k)",2275.0,"Yes (1,7k)",No (171),Maybe (544),1.0,171.0,4.4,4.4,2275.0,228.0,1.0,1.0,171.0,17.0
1639359852-2087,https://www.sociolla.com/146-face?page=8,,https://www.sociolla.com/loose-powder/53956-crystal-loose-setting-powder,YOU Makeups,Crystal Loose Setting Powder,Crystal Loose Setting Powder,Rp 69.000Rp 58.650 - Rp 69.000,4.6,(20),19.0,Yes (16),No (1),Maybe (3),16.0,1.0,4.6,4.6,19.0,19.0,16.0,16.0,1.0,1.0
1639359227-1998,https://www.sociolla.com/146-face?page=14,,https://www.sociolla.com/cake-foundation/17077-hard-cover-glow-cushion-ex,Holika Holika,Hard Cover Glow Cushion EX,Hard Cover Glow Cushion EX,Rp 458.000Rp 343.500,4.5,(6),4.0,Yes (5),No (1),Maybe (0),5.0,1.0,4.5,4.5,4.0,4.0,5.0,5.0,1.0,1.0
1639358724-1916,https://www.sociolla.com/146-face?page=20,,https://www.sociolla.com/liquid-foundation/25792-radiant-lift-foundation,Max Factor,Radiant Lift Foundation,Radiant Lift Foundation,Rp 220.000,,,,,,,,,4.462214983713356,4.5,213.94193548387096,21.5,87.42948717948718,13.5,23.272435897435898,2.0
1639358768-1924,https://www.sociolla.com/146-face?page=19,,https://www.sociolla.com/face-primer/25795-miracle-prep-pore-minimising-and-mattifying-primer,Max Factor,Miracle Prep Pore Minimising And Mattifying Primer,Miracle Prep Pore Minimising And Mattifying Primer,Rp 215.000,3.4,(1),1.0,Yes (0),No (0),Maybe (1),0.0,0.0,3.4,4.2,1.0,2.0,0.0,1.0,0.0,0.0
1639360142-2122,https://www.sociolla.com/146-face?page=5,,https://www.sociolla.com/face-primer/14021-sunny-snail-tone-up-cream,COSRX,Sunny Snail Tone Up Cream,Sunny Snail Tone Up Cream,Rp 269.000Rp 188.300,4.4,(463),402.0,Yes (253),No (63),Maybe (147),253.0,63.0,4.4,4.4,402.0,228.0,253.0,115.0,63.0,17.0
1639358489-1876,https://www.sociolla.com/146-face?page=22,,https://www.sociolla.com/contour/11533-highlight-and-contour,Mineral Botanica,Highlight And Contour,Highlight And Contour,Rp 89.900Rp 62.930,4.5,(190),175.0,Yes (99),No (18),Maybe (73),99.0,18.0,4.5,4.5,175.0,175.0,99.0,99.0,18.0,17.0
1639359881-2091,https://www.sociolla.com/146-face?page=8,,https://www.sociolla.com/face-primer/16352-skin-perfecting-primer,NOTE COSMETICS,Skin Perfecting Primer,Skin Perfecting Primer,Rp 139.000Rp 90.350,4.5,(10),10.0,Yes (7),No (1),Maybe (2),7.0,1.0,4.5,4.5,10.0,10.0,7.0,7.0,1.0,1.0
1639358904-1948,https://www.sociolla.com/146-face?page=18,,https://www.sociolla.com/compact-powder/55447-phan-phu-nen-i-m-meme-i-m-oil-cut-pact,IMMEME,Oil Cut Pact 001 Skin Mattifying,Oil Cut Pact 001 Skin Mattifying,Rp 220.000Rp 110.000,4.4,(1),0.0,Yes (0),No (0),Maybe (1),0.0,0.0,4.4,4.4,0.0,2.0,0.0,1.0,0.0,0.0
1639358468-1873,https://www.sociolla.com/146-face?page=23,,https://www.sociolla.com/face-primer/59934-fit-me-matte-and-poreless-primer,Maybelline,Fit Me Matte and Poreless Primer,Fit Me Matte and Poreless Primer,Rp 110.000,5.0,(113),22.0,Yes (110),No (0),Maybe (3),110.0,0.0,5.0,4.6,22.0,22.0,110.0,110.0,0.0,0.0
1639358931-1952,https://www.sociolla.com/146-face?page=18,,https://www.sociolla.com/blush/8587-dandelion-blush-powder,Benefit Cosmetics,Dandelion Blush Powder,Dandelion Blush Powder,Rp 530.000,4.4,(34),33.0,Yes (20),No (5),Maybe (9),20.0,5.0,4.4,4.4,33.0,33.0,20.0,20.0,5.0,5.0
1639359775-2077,https://www.sociolla.com/146-face?page=9,,https://www.sociolla.com/loose-powder/51346-translucent-setting-powder,Goban,Translucent Setting Powder,Translucent Setting Powder,Rp 119.000Rp 71.400,4.8,(23),19.0,Yes (17),No (1),Maybe (5),17.0,1.0,4.8,4.6,19.0,19.0,17.0,17.0,1.0,1.0
1639359840-2085,https://www.sociolla.com/146-face?page=8,,https://www.sociolla.com/blush/16548-blush-cream-3-in-1,Everwhite,Blush Cream 3 in 1,Blush Cream 3 in 1,Rp 96.800Rp 64.856,4.3,(29),22.0,Yes (17),No (4),Maybe (8),17.0,4.0,4.3,4.3,22.0,22.0,17.0,17.0,4.0,4.0
1639360333-2149,https://www.sociolla.com/146-face?page=3,,https://www.sociolla.com/blush/11329-blush,ESQA,Blush,Blush,Rp 135.000,4.6,"(1,4k)",1308.0,Yes (1k),No (51),Maybe (274),1.0,51.0,4.6,4.6,1308.0,228.0,1.0,1.0,51.0,17.0
1639360354-2152,https://www.sociolla.com/146-face?page=3,,https://www.sociolla.com/loose-powder/10708-everyday-luminous-face-powder,Wardah,Everyday Luminous Face Powder,Everyday Luminous Face Powder,Rp 42.000,4.2,"(1,5k)",1331.0,Yes (798),No (226),Maybe (474),798.0,226.0,4.2,4.2,1331.0,228.0,798.0,115.0,226.0,17.0
1639359919-2095,https://www.sociolla.com/146-face?page=8,,https://www.sociolla.com/blush/58457-cushion-blush,SYCA,Cushion Blush,Cushion Blush,Rp 159.000Rp 143.100,4.7,(4),3.0,Yes (2),No (0),Maybe (2),2.0,0.0,4.7,4.6,3.0,3.0,2.0,2.0,0.0,0.0
1639360516-2176,https://www.sociolla.com/146-face?page=2,,https://www.sociolla.com/cake-foundation/14385-make-it-glow-dewy-cushion,Pixy,Make It Glow Dewy Cushion,Make It Glow Dewy Cushion,Rp 125.000,4.6,"(2,7k)",2592.0,Yes (2k),No (179),Maybe (526),2.0,179.0,4.6,4.6,2592.0,228.0,2.0,2.0,179.0,17.0
1639359757-2074,https://www.sociolla.com/146-face?page=9,,https://www.sociolla.com/concealer/58283-perfect-cover-longwear-liquid-concealer,Goban,Perfect Cover Longwear Liquid Concealer,Perfect Cover Longwear Liquid Concealer,Rp 120.000Rp 78.000,4.7,(180),155.0,Yes (140),No (1),Maybe (39),140.0,1.0,4.7,4.6,155.0,155.0,140.0,115.0,1.0,1.0
1639358109-1827,https://www.sociolla.com/146-face?page=25,,https://www.sociolla.com/blush/16886-refill-blush-on,Wardah,,,,,,,,,,,,4.462214983713356,4.5,213.94193548387096,21.5,87.42948717948718,13.5,23.272435897435898,2.0
1639358215-1839,https://www.sociolla.com/146-face?page=25,,https://www.sociolla.com/face-primer/7643-the-porefessional-matte-rescue-mini,Benefit Cosmetics,The Porefessional Matte Rescue Mini,The Porefessional Matte Rescue Mini,Rp 230.000,4.3,(41),34.0,Yes (20),No (10),Maybe (11),20.0,10.0,4.3,4.3,34.0,34.0,20.0,20.0,10.0,10.0
1639358267-1847,https://www.sociolla.com/146-face?page=24,,https://www.sociolla.com/bb-cc-cream/58190-lng-neo-cushion-glow-no-21n-beige-ol21,Laneige,LNG Neo Cushion-Glow No.21N Beige (OL21),LNG Neo Cushion-Glow No.21N Beige (OL21),Rp 590.000 - Rp 751.000Rp 472.000 - Rp 590.000,4.0,(1),1.0,Yes (1),No (0),Maybe (0),1.0,0.0,4.0,4.2,1.0,2.0,1.0,1.0,0.0,0.0
1639358552-1888,https://www.sociolla.com/146-face?page=22,,https://www.sociolla.com/liquid-foundation/16368-gen-matte-cushion-liquid-foundation,Silkygirl,Gen Matte Cushion Liquid Foundation,Gen Matte Cushion Liquid Foundation,Rp 165.000,4.4,(2),1.0,Yes (2),No (0),Maybe (0),2.0,0.0,4.4,4.4,1.0,2.0,2.0,2.0,0.0,0.0
1639359949-2098,https://www.sociolla.com/146-face?page=6,,https://www.sociolla.com/contour/2473-face-contour-kit,Make Over,Face Contour Kit,Face Contour Kit,Rp 127.000,4.2,(402),360.0,Yes (194),No (58),Maybe (150),194.0,58.0,4.2,4.2,360.0,228.0,194.0,115.0,58.0,17.0
1639359014-1964,https://www.sociolla.com/146-face?page=17,,https://www.sociolla.com/cake-foundation/54769-loveskin-bb-cushion,Masami,Loveskin BB Cushion,Loveskin BB Cushion,Rp 249.000,4.5,(15),12.0,Yes (10),No (1),Maybe (4),10.0,1.0,4.5,4.5,12.0,12.0,10.0,10.0,1.0,1.0
1639359666-2060,https://www.sociolla.com/146-face?page=10,,https://www.sociolla.com/blush/14388-twin-blush,Pixy,Twin Blush,Twin Blush,Rp 50.000,4.5,(334),313.0,Yes (224),No (19),Maybe (91),224.0,19.0,4.5,4.5,313.0,228.0,224.0,115.0,19.0,17.0
1639358682-1909,https://www.sociolla.com/146-face?page=20,,https://www.sociolla.com/cake-foundation/14254-glam-rock-aqua-foundation-refill,Mizzu,Glam Rock Aqua Foundation Refill,Glam Rock Aqua Foundation Refill,Rp 97.900,4.5,(14),13.0,Yes (9),No (1),Maybe (4),9.0,1.0,4.5,4.5,13.0,13.0,9.0,9.0,1.0,1.0
1639360105-2118,https://www.sociolla.com/146-face?page=5,,https://www.sociolla.com/cake-foundation/61097-noutriwear-flawless-cushion-foundation,YOU Makeups,NoutriWear+ Flawless Cushion Foundation,NoutriWear+ Flawless Cushion Foundation,Rp 175.500Rp 149.175,,,,,,,,,4.462214983713356,4.5,213.94193548387096,21.5,87.42948717948718,13.5,23.272435897435898,2.0
1639358629-1901,https://www.sociolla.com/146-face?page=21,,https://www.sociolla.com/face-primer/61109-joy-to-the-pores-holiday-set,Benefit Cosmetics,Joy to the Pores Holiday Set,Joy to the Pores Holiday Set,Rp 260.000,,,,,,,,,4.462214983713356,4.5,213.94193548387096,21.5,87.42948717948718,13.5,23.272435897435898,2.0
1639358303-1852,https://www.sociolla.com/146-face?page=24,,https://www.sociolla.com/liquid-foundation/53952-flawless-matte-long-wear-foundation,Wardah,,,,,,,,,,,,4.462214983713356,4.5,213.94193548387096,21.5,87.42948717948718,13.5,23.272435897435898,2.0
1639358954-1955,https://www.sociolla.com/146-face?page=17,,https://www.sociolla.com/setting-spray/25796-lasting-performance-setting-spray,Max Factor,Lasting Performance Setting Spray,Lasting Performance Setting Spray,Rp 250.000,,,,,,,,,4.462214983713356,4.5,213.94193548387096,21.5,87.42948717948718,13.5,23.272435897435898,2.0
1639358730-1917,https://www.sociolla.com/146-face?page=20,,https://www.sociolla.com/compact-powder/10394-uv-foundation-ex-plus,Cezanne,UV Foundation EX Plus,UV Foundation EX Plus,Rp 165.000,3.9,(4),3.0,Yes (2),No (1),Maybe (1),2.0,1.0,3.9,4.2,3.0,3.0,2.0,2.0,1.0,1.0
1639358635-1902,https://www.sociolla.com/146-face?page=21,,https://www.sociolla.com/liquid-foundation/5200-colorstay-liquid-makeup-for-normal-dry,Revlon,Colorstay Liquid Makeup For Normal/Dry,Colorstay Liquid Makeup For Normal/Dry,Rp 145.000Rp 79.750,4.3,(165),146.0,Yes (83),No (20),Maybe (62),83.0,20.0,4.3,4.3,146.0,146.0,83.0,83.0,20.0,17.0
1639360282-2142,https://www.sociolla.com/146-face?page=4,,https://www.sociolla.com/cake-foundation/59141-maybelline-fit-me-matte-and-poreless-24hr-oil-control-powder-foundation-full-coverage-and-tahan-lama,Maybelline,Fit Me Matte and Poreless 24HR Oil Control Powder Foundation (Full Coverage & Tahan lama),Fit Me Matte and Poreless 24HR Oil Control Powder Foundation (Full Coverage & Tahan lama),Rp 149.000,4.9,(1k),639.0,,,,,,4.9,4.6,639.0,228.0,87.42948717948718,13.5,23.272435897435898,2.0
1639359820-2082,https://www.sociolla.com/146-face?page=8,,https://www.sociolla.com/blush/25003-sunkissed-blushing-powder,Goban,Sunkissed Blushing Powder,Sunkissed Blushing Powder,Rp 120.000Rp 66.000,4.7,(518),510.0,Yes (399),No (10),Maybe (109),399.0,10.0,4.7,4.6,510.0,228.0,399.0,115.0,10.0,10.0
1639358483-1875,https://www.sociolla.com/146-face?page=22,,https://www.sociolla.com/makeup/13240-bare-with-me-hydrating-jelly-primer,NYX Professional Makeup,Bare With Me Hydrating Jelly Primer,Bare With Me Hydrating Jelly Primer,Rp 360.000,4.3,(38),36.0,Yes (15),No (5),Maybe (18),15.0,5.0,4.3,4.3,36.0,36.0,15.0,15.0,5.0,5.0
1639358261-1846,https://www.sociolla.com/146-face?page=24,,https://www.sociolla.com/blush/58306-lng-cheek-glow-no-2-peach-coral-ol21,Laneige,LNG Cheek Glow No.2 Peach Coral (OL21),LNG Cheek Glow No.2 Peach Coral (OL21),Rp 436.000Rp 280.000,,,,,,,,,4.462214983713356,4.5,213.94193548387096,21.5,87.42948717948718,13.5,23.272435897435898,2.0
1639359203-1994,https://www.sociolla.com/146-face?page=14,,https://www.sociolla.com/primer/7639-the-porefessional-mini-primer,Benefit Cosmetics,The Porefessional Mini Primer,The Porefessional Mini Primer,Rp 230.000,4.4,(516),492.0,Yes (309),No (62),Maybe (145),309.0,62.0,4.4,4.4,492.0,228.0,309.0,115.0,62.0,17.0
1639358980-1959,https://www.sociolla.com/146-face?page=17,,https://www.sociolla.com/loose-powder/16389-shine-free-loose-powder,Silkygirl,Shine free Loose Powder,Shine free Loose Powder,Rp 49.500,4.2,(38),37.0,Yes (18),No (1),Maybe (19),18.0,1.0,4.2,4.2,37.0,37.0,18.0,18.0,1.0,1.0
1639359221-1997,https://www.sociolla.com/146-face?page=14,,https://www.sociolla.com/concealer/47666-magic-concealer,Calypso,Magic Concealer,Magic Concealer,Rp 249.000Rp 211.650,4.6,(15),15.0,Yes (8),No (0),Maybe (7),8.0,0.0,4.6,4.6,15.0,15.0,8.0,8.0,0.0,0.0
1639358535-1885,https://www.sociolla.com/146-face?page=22,,https://www.sociolla.com/cake-foundation/47681-blue-pearlsation-high-coverage-marine-collagen-aqua-cushion-spf50-pa-refill,Klavuu,BLUE PEARLSATION High Coverage Marine Collagen Aqua Cushion SPF50+ PA+++ (REFILL),BLUE PEARLSATION High Coverage Marine Collagen Aqua Cushion SPF50+ PA+++ (REFILL),Rp 250.000Rp 212.500,,,,,,,,,4.462214983713356,4.5,213.94193548387096,21.5,87.42948717948718,13.5,23.272435897435898,2.0
1639359407-2024,https://www.sociolla.com/146-face?page=12,,https://www.sociolla.com/loose-powder/60500-soul-matte-loose-powder,barenbliss,Soul-Matte Loose Powder,Soul-Matte Loose Powder,Rp 99.000Rp 74.250,5.0,(31),21.0,Yes (29),No (1),Maybe (1),29.0,1.0,5.0,4.6,21.0,21.0,29.0,29.0,1.0,1.0
1639358375-1860,https://www.sociolla.com/146-face?page=23,,https://www.sociolla.com/cake-foundation/55026-lng-neo-cushion-matte-ol21,Laneige,LNG Neo Cushion Matte (OL21),LNG Neo Cushion Matte (OL21),Rp 590.000Rp 395.000,4.6,(4),2.0,Yes (4),No (0),Maybe (0),4.0,0.0,4.6,4.6,2.0,2.0,4.0,4.0,0.0,0.0
1639359763-2075,https://www.sociolla.com/146-face?page=9,,https://www.sociolla.com/cake-foundation/56760-refill-cover-cushion,BLP Beauty,Refill Cover Cushion,Refill Cover Cushion,Rp 139.000,4.6,(32),23.0,Yes (29),No (1),Maybe (2),29.0,1.0,4.6,4.6,23.0,23.0,29.0,29.0,1.0,1.0
1639359127-1982,https://www.sociolla.com/146-face?page=15,,https://www.sociolla.com/setting-spray/56552-porefessional-super-setter-setting-spray,Benefit Cosmetics,Porefessional Super Setter Setting Spray,Porefessional Super Setter Setting Spray,Rp 520.000,4.3,(3),2.0,Yes (2),No (0),Maybe (1),2.0,0.0,4.3,4.3,2.0,2.0,2.0,2.0,0.0,0.0
1639358688-1910,https://www.sociolla.com/146-face?page=20,,https://www.sociolla.com/compact-powder/11070-fine-cover-two-way-cake,Moko Moko,Fine Cover Two Way Cake,Fine Cover Two Way Cake,Rp 65.000,4.3,(89),79.0,Yes (32),No (16),Maybe (41),32.0,16.0,4.3,4.3,79.0,79.0,32.0,32.0,16.0,16.0
1639360457-2167,https://www.sociolla.com/146-face?page=2,,https://www.sociolla.com/blush/60499-spark-tacular-party-blush,barenbliss,Spark-Tacular Party Blush,Spark-Tacular Party Blush,Rp 75.000Rp 52.500,4.9,(21),12.0,Yes (20),No (0),Maybe (1),20.0,0.0,4.9,4.6,12.0,12.0,20.0,20.0,0.0,0.0
1639359794-2080,https://www.sociolla.com/146-face?page=9,,https://www.sociolla.com/setting-spray/26388-lekat-glamify-setting-spray,Sada By Cathy Sharon,Lekat Glamify Setting Spray,Lekat Glamify Setting Spray,Rp 99.000,4.5,(16),12.0,Yes (10),No (2),Maybe (4),10.0,2.0,4.5,4.5,12.0,12.0,10.0,10.0,2.0,2.0
1639360176-2127,https://www.sociolla.com/146-face?page=5,,https://www.sociolla.com/pressed-powder/55354-colorfit-velvet-powder-foundation,Wardah,Colorfit Velvet Powder Foundation,Colorfit Velvet Powder Foundation,Rp 69.000,4.6,(101),84.0,Yes (83),No (0),Maybe (18),83.0,0.0,4.6,4.6,84.0,84.0,83.0,83.0,0.0,0.0
1639358226-1841,https://www.sociolla.com/146-face?page=25,,https://www.sociolla.com/blush/8589-galifornia,Benefit Cosmetics,GALifornia,GALifornia,Rp 530.000,4.6,(142),136.0,Yes (90),No (17),Maybe (35),90.0,17.0,4.6,4.6,136.0,136.0,90.0,90.0,17.0,17.0
1639360438-2164,https://www.sociolla.com/146-face?page=2,,https://www.sociolla.com/liquid-foundation/9349-esme-df-improved-formula-sureface,Erha,Esme Df Improved Formula Sureface,Esme Df Improved Formula Sureface,Rp 196.400Rp 172.832,4.3,(13),10.0,Yes (8),No (3),Maybe (2),8.0,3.0,4.3,4.3,10.0,10.0,8.0,8.0,3.0,3.0
1639359340-2016,https://www.sociolla.com/146-face?page=13,,https://www.sociolla.com/liquid-foundation/53887-extra-full-coverage-liquid-foundation,YOU Makeups,Extra Full Coverage Liquid Foundation,Extra Full Coverage Liquid Foundation,Rp 129.000Rp 109.650,4.4,(10),7.0,Yes (4),No (1),Maybe (5),4.0,1.0,4.4,4.4,7.0,7.0,4.0,4.0,1.0,1.0
1639360260-2139,https://www.sociolla.com/146-face?page=4,,https://www.sociolla.com/loose-powder/912-touch-and-glow-face-powder,Revlon,Touch & Glow Face Powder,Touch & Glow Face Powder,Rp 50.000Rp 27.500,4.4,"(1,7k)",1567.0,"Yes (1,1k)",No (145),Maybe (404),1.0,145.0,4.4,4.4,1567.0,228.0,1.0,1.0,145.0,17.0
1639359769-2076,https://www.sociolla.com/146-face?page=9,,https://www.sociolla.com/liquid-foundation/10709-everyday-luminous-liquid-foundation,Wardah,Everyday Luminous Liquid Foundation,Everyday Luminous Liquid Foundation,Rp 39.000,4.0,"(1,3k)",1012.0,Yes (460),No (335),Maybe (466),460.0,335.0,4.0,4.2,1012.0,228.0,460.0,115.0,335.0,17.0
1639359465-2032,https://www.sociolla.com/146-face?page=12,,https://www.sociolla.com/compact-powder/4657-fitme-matte-poreless-powder,Maybelline,Maybelline Fit Me Matte + Poreless Powder Foundation,Maybelline Fit Me Matte + Poreless Powder Foundation,Rp 189.000,4.4,"(1,3k)",1186.0,Yes (870),No (94),Maybe (288),870.0,94.0,4.4,4.4,1186.0,228.0,870.0,115.0,94.0,17.0
1639358447-1870,https://www.sociolla.com/146-face?page=23,,https://www.sociolla.com/blush/55317-bloom-all-day-hydrating-gel-blush-serum,Mad For Makeup,Bloom All Day Hydrating Gel Blush + Serum,Bloom All Day Hydrating Gel Blush + Serum,Rp 99.000,4.7,(69),60.0,Yes (54),No (1),Maybe (14),54.0,1.0,4.7,4.6,60.0,60.0,54.0,54.0,1.0,1.0
1639358190-1835,https://www.sociolla.com/146-face?page=25,,https://www.sociolla.com/cake-foundation/26560-perfecting-cushion-intense,Sulwhasoo,Perfecting Cushion Intense,Perfecting Cushion Intense,Rp 1.100.000,4.7,(4),4.0,Yes (4),No (0),Maybe (0),4.0,0.0,4.7,4.6,4.0,4.0,4.0,4.0,0.0,0.0
1639359484-2035,https://www.sociolla.com/146-face?page=11,,https://www.sociolla.com/highlighter/56205-cheek-lit-highlighter-powder-nudesparkle,Emina,Cheek Lit Highlighter Powder Nudesparkle,Cheek Lit Highlighter Powder Nudesparkle,Rp 44.500,4.6,(23),18.0,Yes (12),No (3),Maybe (8),12.0,3.0,4.6,4.6,18.0,18.0,12.0,12.0,3.0,3.0
1639358558-1889,https://www.sociolla.com/146-face?page=22,,https://www.sociolla.com/liquid-foundation/14139-facefinity-all-day-flawless-3-in-1-foundation,Max Factor,Facefinity All Day Flawless 3-In-1 Foundation,Facefinity All Day Flawless 3-In-1 Foundation,Rp 190.000,4.3,(15),12.0,Yes (7),No (1),Maybe (7),7.0,1.0,4.3,4.3,12.0,12.0,7.0,7.0,1.0,1.0
1639358960-1956,https://www.sociolla.com/146-face?page=17,,https://www.sociolla.com/highlighter/53917-the-simplicity-gleam-highlighter,YOU Makeups,The Simplicity Gleam Highlighter,The Simplicity Gleam Highlighter,Rp 49.000Rp 41.650,4.4,(37),33.0,Yes (24),No (4),Maybe (9),24.0,4.0,4.4,4.4,33.0,33.0,24.0,24.0,4.0,4.0
1639359560-2047,https://www.sociolla.com/146-face?page=11,,https://www.sociolla.com/concealer/16361-full-coverage-liquid-concealer,NOTE COSMETICS,Full Coverage Liquid Concealer,Full Coverage Liquid Concealer,Rp 69.000Rp 44.850,4.2,(34),30.0,Yes (19),No (3),Maybe (12),19.0,3.0,4.2,4.2,30.0,30.0,19.0,19.0,3.0,3.0
1639358835-1936,https://www.sociolla.com/146-face?page=19,,https://www.sociolla.com/cake-foundation/60504-noutriwear-sliky-pressed-foundation,YOU Makeups,NoutriWear+ Sliky Pressed Foundation,NoutriWear+ Sliky Pressed Foundation,Rp 105.000Rp 89.250,4.8,(1),1.0,Yes (1),No (0),Maybe (0),1.0,0.0,4.8,4.6,1.0,2.0,1.0,1.0,0.0,0.0
1639358713-1914,https://www.sociolla.com/146-face?page=20,,https://www.sociolla.com/blush/7658-dallas-blush-powder,Benefit Cosmetics,Dallas Blush Powder,Dallas Blush Powder,Rp 290.000,4.1,(6),6.0,Yes (4),No (0),Maybe (2),4.0,0.0,4.1,4.2,6.0,6.0,4.0,4.0,0.0,0.0
1639358314-1853,https://www.sociolla.com/146-face?page=24,,https://www.sociolla.com/concealer/53892-instant-skin-corrector,YOU Makeups,Instant Skin Corrector,Instant Skin Corrector,Rp 85.000Rp 72.250,,,,,,,,,4.462214983713356,4.5,213.94193548387096,21.5,87.42948717948718,13.5,23.272435897435898,2.0
1639358653-1905,https://www.sociolla.com/146-face?page=21,,https://www.sociolla.com/loose-powder/55735-no-sebum-mineral-powder-5g,Innisfree,No Sebum Mineral Powder,No Sebum Mineral Powder,Rp 90.000,4.6,(78),69.0,Yes (54),No (6),Maybe (18),54.0,6.0,4.6,4.6,69.0,69.0,54.0,54.0,6.0,6.0
1639358547-1887,https://www.sociolla.com/146-face?page=22,,https://www.sociolla.com/face-primer/25794-miracle-prep-illuminating-and-hydrating-primer,Max Factor,Miracle Prep Illuminating And Hydrating Primer,Miracle Prep Illuminating And Hydrating Primer,Rp 215.000,,,,,,,,,4.462214983713356,4.5,213.94193548387096,21.5,87.42948717948718,13.5,23.272435897435898,2.0
1639360508-2175,https://www.sociolla.com/146-face?page=2,,https://www.sociolla.com/makeup/14727-powerstay-fix-and-matte-makeup-setting-spray,Make Over,Powerstay Fix & Matte Makeup Setting Spray,Powerstay Fix & Matte Makeup Setting Spray,Rp 105.000Rp 94.500,4.5,(380),345.0,Yes (247),No (21),Maybe (112),247.0,21.0,4.5,4.5,345.0,228.0,247.0,115.0,21.0,17.0
1639359580-2050,https://www.sociolla.com/146-face?page=10,,https://www.sociolla.com/blush/16356-luminous-silk-compact-blusher,NOTE COSMETICS,Luminous Silk Compact Blusher,Luminous Silk Compact Blusher,Rp 89.000Rp 57.850,4.6,(33),31.0,Yes (27),No (0),Maybe (6),27.0,0.0,4.6,4.6,31.0,31.0,27.0,27.0,0.0,0.0
1639358496-1877,https://www.sociolla.com/146-face?page=22,,https://www.sociolla.com/liquid-foundation/14419-cover-it-all-foundation,RIVERA,Cover It All Foundation,Cover It All Foundation,Rp 185.000,4.2,(11),10.0,Yes (6),No (3),Maybe (2),6.0,3.0,4.2,4.2,10.0,10.0,6.0,6.0,3.0,3.0
1639359452-2030,https://www.sociolla.com/146-face?page=12,,https://www.sociolla.com/cake-foundation/15564-refill-instaperfect-mineralight-matte-bb-cushion,Wardah,Refill Instaperfect Mineralight Matte BB Cushion,Refill Instaperfect Mineralight Matte BB Cushion,Rp 135.000,4.3,(553),519.0,Yes (305),No (74),Maybe (174),305.0,74.0,4.3,4.3,519.0,228.0,305.0,115.0,74.0,17.0
1639358912-1949,https://www.sociolla.com/146-face?page=18,,https://www.sociolla.com/concealer/56479-crystallure-precious-all-day-corrective-concealer,Wardah,Crystallure Precious All Day Corrective Concealer,Crystallure Precious All Day Corrective Concealer,Rp 121.000,5.0,(4),4.0,Yes (4),No (0),Maybe (0),4.0,0.0,5.0,4.6,4.0,4.0,4.0,4.0,0.0,0.0
1639360093-2116,https://www.sociolla.com/146-face?page=5,,https://www.sociolla.com/liquid-foundation/4930-new-infallible-24-hour-freshwear-foundation,Loreal Paris,New Infallible 24 Hour Freshwear Foundation,New Infallible 24 Hour Freshwear Foundation,Rp 239.000Rp 184.030,4.5,(671),622.0,Yes (412),No (83),Maybe (176),412.0,83.0,4.5,4.5,622.0,228.0,412.0,115.0,83.0,17.0
1639358258-1845,https://www.sociolla.com/146-face?page=24,,https://www.sociolla.com/loose-powder/16547-oil-control-loose-powder,Everwhite,Oil Control Loose Powder,Oil Control Loose Powder,,4.4,(33),31.0,Yes (19),No (4),Maybe (10),19.0,4.0,4.4,4.4,31.0,31.0,19.0,19.0,4.0,4.0
1639358169-1831,https://www.sociolla.com/146-face?page=25,,https://www.sociolla.com/compact-powder/25109-total-cover-bb-two-way-cake,Wardah,Total Cover BB Two Way Cake,Total Cover BB Two Way Cake,Rp 50.400Rp 32.760,4.3,(28),21.0,Yes (15),No (6),Maybe (7),15.0,6.0,4.3,4.3,21.0,21.0,15.0,15.0,6.0,6.0
1639359697-2065,https://www.sociolla.com/146-face?page=10,,https://www.sociolla.com/blush/57791-wonder-woman-believe-in-wonder-cushion-blush,ESQA,Wonder Woman Believe in Wonder: Cushion Blush,Wonder Woman Believe in Wonder: Cushion Blush,Rp 150.000Rp 105.000,4.7,(34),22.0,Yes (29),No (1),Maybe (4),29.0,1.0,4.7,4.6,22.0,22.0,29.0,29.0,1.0,1.0
1639360286-2143,https://www.sociolla.com/146-face?page=4,,https://www.sociolla.com/highlighter/25116-highlighter-blinded-by-drama,Wardah,,,,,,,,,,,,4.462214983713356,4.5,213.94193548387096,21.5,87.42948717948718,13.5,23.272435897435898,2.0
1639358381-1861,https://www.sociolla.com/146-face?page=23,,https://www.sociolla.com/compact-powder/26855-adorable-marble-bb-cream-to-powder,Pixy,Adorable Marble + BB Cream to Powder,Adorable Marble + BB Cream to Powder,Rp 190.000,,,,,,,,,4.462214983713356,4.5,213.94193548387096,21.5,87.42948717948718,13.5,23.272435897435898,2.0
1639360379-2156,https://www.sociolla.com/146-face?page=3,,https://www.sociolla.com/compact-powder/59332-i-m-meme-pink-blur-tone-up-pact-10g,IMMEME,Pink Blur Tone-Up Pact,Pink Blur Tone-Up Pact,Rp 220.000Rp 110.000,,,2.0,Yes (2),No (0),Maybe (0),2.0,0.0,4.462214983713356,4.5,2.0,2.0,2.0,2.0,0.0,0.0
1639358855-1939,https://www.sociolla.com/146-face?page=18,,https://www.sociolla.com/loose-powder/53870-the-simplicity-perfect-matte-loose-powder,YOU Makeups,The Simplicity Perfect Matte Loose Powder,The Simplicity Perfect Matte Loose Powder,Rp 49.000Rp 41.650,4.5,(28),22.0,Yes (17),No (5),Maybe (6),17.0,5.0,4.5,4.5,22.0,22.0,17.0,17.0,5.0,5.0
1639359035-1968,https://www.sociolla.com/146-face?page=17,,https://www.sociolla.com/compact-powder/55030-lng-light-fit-pact-ol21,Laneige,LNG Light Fit Pact  (OL21),LNG Light Fit Pact  (OL21),Rp 621.000Rp 496.800,,,,,,,,,4.462214983713356,4.5,213.94193548387096,21.5,87.42948717948718,13.5,23.272435897435898,2.0
1639359787-2079,https://www.sociolla.com/146-face?page=9,,https://www.sociolla.com/compact-powder/14386-make-it-glow-silky-powdery-cake,Pixy,Make It Glow Silky Powdery Cake,Make It Glow Silky Powdery Cake,Rp 70.000,4.5,(459),406.0,Yes (289),No (58),Maybe (112),289.0,58.0,4.5,4.5,406.0,228.0,289.0,115.0,58.0,17.0
1639359509-2039,https://www.sociolla.com/146-face?page=11,,https://www.sociolla.com/cake-foundation/16705-refill-exclusive-flawless-cover-cushion,Wardah,Refill Exclusive Flawless Cover Cushion,Refill Exclusive Flawless Cover Cushion,Rp 98.000,4.5,(144),135.0,Yes (98),No (8),Maybe (38),98.0,8.0,4.5,4.5,135.0,135.0,98.0,98.0,8.0,8.0
1639360152-2123,https://www.sociolla.com/146-face?page=5,,https://www.sociolla.com/cake-foundation/9707-powerstay-matte-powder-foundation,Make Over,Powerstay Matte Powder Foundation,Powerstay Matte Powder Foundation,Rp 188.000Rp 141.000 - Rp 169.200,4.6,"(1,6k)",1472.0,"Yes (1,2k)",No (57),Maybe (264),1.0,57.0,4.6,4.6,1472.0,228.0,1.0,1.0,57.0,17.0
1639359169-1988,https://www.sociolla.com/146-face?page=14,,https://www.sociolla.com/compact-powder/9353-esme-df-twin-silk-compact-powder,Erha,Esme Df Twin Silk Compact Powder,Esme Df Twin Silk Compact Powder,Rp 167.200Rp 147.136,4.4,(7),6.0,Yes (5),No (0),Maybe (2),5.0,0.0,4.4,4.4,6.0,6.0,5.0,5.0,0.0,0.0
1639358736-1918,https://www.sociolla.com/146-face?page=20,,https://www.sociolla.com/face-primer/15930-sekkisei-supreme-makeup-base,KOSE,Sekkisei Supreme Makeup Base,Sekkisei Supreme Makeup Base,Rp 589.000,5.0,(1),1.0,Yes (1),No (0),Maybe (0),1.0,0.0,5.0,4.6,1.0,2.0,1.0,1.0,0.0,0.0
1639358104-1826,https://www.sociolla.com/146-face?page=25,,https://www.sociolla.com/liquid-foundation/10850-colorstay-full-cover-foundation-matte,Revlon,Colorstay Full Cover Foundation Matte,Colorstay Full Cover Foundation Matte,Rp 205.000Rp 112.750,4.9,(15),14.0,Yes (12),No (0),Maybe (3),12.0,0.0,4.9,4.6,14.0,14.0,12.0,12.0,0.0,0.0
1639358462-1872,https://www.sociolla.com/146-face?page=23,,https://www.sociolla.com/blush/26527-moonflush,Runa Beauty,Moonflush,Moonflush,Rp 139.000,4.6,(38),32.0,Yes (25),No (0),Maybe (13),25.0,0.0,4.6,4.6,32.0,32.0,25.0,25.0,0.0,0.0
1639359803-2081,https://www.sociolla.com/146-face?page=9,,https://www.sociolla.com/bb-cc-cream/58161-mineral-botanica-cc-cream,Mineral Botanica,Mineral Botanica CC Cream,Mineral Botanica CC Cream,Rp 51.900Rp 36.330,4.7,(77),61.0,Yes (67),No (4),Maybe (6),67.0,4.0,4.7,4.6,61.0,61.0,67.0,67.0,4.0,4.0
1639359715-2067,https://www.sociolla.com/146-face?page=9,,https://www.sociolla.com/setting-spray/53815-ultra-setting-real-fixer,Saat Insight,Ultra Setting Real Fixer,Ultra Setting Real Fixer,Rp 255.000Rp 119.000,4.6,(13),11.0,Yes (6),No (1),Maybe (6),6.0,1.0,4.6,4.6,11.0,11.0,6.0,6.0,1.0,1.0
1639358418-1866,https://www.sociolla.com/146-face?page=23,,https://www.sociolla.com/bb-cc-cream/25886-healthy-mix-bb-cream,Bourjois,Healthy Mix BB Cream,Healthy Mix BB Cream,Rp 219.000,4.1,(3),3.0,Yes (1),No (0),Maybe (2),1.0,0.0,4.1,4.2,3.0,3.0,1.0,1.0,0.0,0.0
1639359279-2007,https://www.sociolla.com/146-face?page=13,,https://www.sociolla.com/setting-spray/53817-konstante-eleganze-fixer,Saat Insight,Konstante Eleganze Fixer,Konstante Eleganze Fixer,Rp 255.000Rp 119.000,4.8,(3),3.0,Yes (2),No (0),Maybe (1),2.0,0.0,4.8,4.6,3.0,3.0,2.0,2.0,0.0,0.0
1639358738-1919,https://www.sociolla.com/146-face?page=20,,https://www.sociolla.com/cake-foundation/12373-banila-co-vv-bouncing-cushion-spf50-pa,banila co.,Banila Co VV Bouncing Cushion Spf50+ Pa+++,Banila Co VV Bouncing Cushion Spf50+ Pa+++,Rp 610.000,4.0,(1),1.0,Yes (0),No (1),Maybe (0),0.0,1.0,4.0,4.2,1.0,2.0,0.0,1.0,1.0,1.0
1639358647-1904,https://www.sociolla.com/146-face?page=21,,https://www.sociolla.com/foundation/11427-superstay-foundation,Maybelline,Maybelline Superstay Liquid Foundation,Maybelline Superstay Liquid Foundation,Rp 229.000,4.6,"(1,4k)",1365.0,"Yes (1,1k)",No (85),Maybe (290),1.0,85.0,4.6,4.6,1365.0,228.0,1.0,1.0,85.0,17.0
1639360006-2105,https://www.sociolla.com/146-face?page=6,,https://www.sociolla.com/foundation/55453-l-oreal-paris-infallible-24h-matte-cover-foundation-hasil-natural-and-tahan-lama,Loreal Paris,L'Oreal Paris Infallible 24H Matte Cover Foundation,L'Oreal Paris Infallible 24H Matte Cover Foundation,Rp 180.000Rp 144.000 - Rp 180.000,4.9,(1k),974.0,Yes (906),No (5),Maybe (91),906.0,5.0,4.9,4.6,974.0,228.0,906.0,115.0,5.0,5.0
1639359268-2005,https://www.sociolla.com/146-face?page=13,,https://www.sociolla.com/compact-powder/54109-beauty-perfect-poreless-foundation-powder-fair-refill,Safi,Beauty Perfect Poreless Foundation Powder - Refill,Beauty Perfect Poreless Foundation Powder - Refill,Rp 95.000Rp 74.100,4.3,(3),2.0,Yes (2),No (1),Maybe (0),2.0,1.0,4.3,4.3,2.0,2.0,2.0,2.0,1.0,1.0
1639359999-2104,https://www.sociolla.com/146-face?page=6,,https://www.sociolla.com/loose-powder/26122-holy-smooth-and-blur-loose-powder,Looke Cosmetics,Holy Smooth & Blur Loose Powder,Holy Smooth & Blur Loose Powder,Rp 176.000,4.6,(143),117.0,Yes (108),No (7),Maybe (28),108.0,7.0,4.6,4.6,117.0,117.0,108.0,108.0,7.0,7.0
1639358402-1864,https://www.sociolla.com/146-face?page=23,,https://www.sociolla.com/liquid-foundation/9497-foundation-stick,Klara,Foundation Stick,Foundation Stick,,4.7,(24),23.0,Yes (18),No (1),Maybe (5),18.0,1.0,4.7,4.6,23.0,23.0,18.0,18.0,1.0,1.0
1639358478-1874,https://www.sociolla.com/146-face?page=22,,https://www.sociolla.com/foundation/16137-refill-powerstay-demi-matte-cover-cushion,Make Over,Refill Powerstay Demi-Matte Cover Cushion,Refill Powerstay Demi-Matte Cover Cushion,Rp 145.000,4.6,(242),238.0,Yes (193),No (7),Maybe (42),193.0,7.0,4.6,4.6,238.0,228.0,193.0,115.0,7.0,7.0
1639359027-1966,https://www.sociolla.com/146-face?page=17,,https://www.sociolla.com/makeup/57009-juicy-pang-meringue-blush,A'pieu,Juicy-Pang Meringue Blush,Juicy-Pang Meringue Blush,Rp 159.000Rp 143.100,4.9,(11),9.0,Yes (10),No (0),Maybe (1),10.0,0.0,4.9,4.6,9.0,9.0,10.0,10.0,0.0,0.0
1639360411-2161,https://www.sociolla.com/146-face?page=3,,https://www.sociolla.com/cake-foundation/58260-colorfit-velvet-powder-foundation-refill,Wardah,Colorfit Velvet Powder Foundation Refill,Colorfit Velvet Powder Foundation Refill,Rp 47.000,4.6,(13),5.0,Yes (11),No (2),Maybe (0),11.0,2.0,4.6,4.6,5.0,5.0,11.0,11.0,2.0,2.0
1639359641-2056,https://www.sociolla.com/146-face?page=10,,https://www.sociolla.com/compact-powder/14746-refill-lightening-two-way-cake-light-feel,Wardah,Refill Lightening Two Way Cake Light Feel,Refill Lightening Two Way Cake Light Feel,Rp 35.500,4.6,(365),346.0,Yes (286),No (17),Maybe (62),286.0,17.0,4.6,4.6,346.0,228.0,286.0,115.0,17.0,17.0
1639359491-2036,https://www.sociolla.com/146-face?page=11,,https://www.sociolla.com/cake-foundation/9392-original-loose-foundation,Mineral Botanica,Original Loose Foundation,Original Loose Foundation,Rp 71.900Rp 50.330,4.5,(74),57.0,Yes (53),No (9),Maybe (12),53.0,9.0,4.5,4.5,57.0,57.0,53.0,53.0,9.0,9.0
1639359962-2099,https://www.sociolla.com/146-face?page=6,,https://www.sociolla.com/bb-cc-cream/47685-urban-pearlsation-high-coverage-tension-cushion-spf50-pa,Wardah,,,,,,,,,,,,4.462214983713356,4.5,213.94193548387096,21.5,87.42948717948718,13.5,23.272435897435898,2.0
1639359503-2038,https://www.sociolla.com/146-face?page=11,,https://www.sociolla.com/bronzer/7641-hoola-mini-blush-bronzer,Benefit Cosmetics,Hoola Mini Blush Bronzer,Hoola Mini Blush Bronzer,Rp 290.000,4.5,(348),338.0,Yes (241),No (27),Maybe (80),241.0,27.0,4.5,4.5,338.0,228.0,241.0,115.0,27.0,17.0
1639360431-2163,https://www.sociolla.com/146-face?page=2,,https://www.sociolla.com/blush/23636-juicy-pang-water-blusher,A'pieu,Juicy Pang Water Blusher,Makeup,Rp 99.000Rp 74.250,,,180.0,Yes (132),No (11),Maybe (55),132.0,11.0,4.462214983713356,4.5,180.0,180.0,132.0,115.0,11.0,11.0
1639358967-1957,https://www.sociolla.com/146-face?page=17,,https://www.sociolla.com/liquid-foundation/14140-lasting-perfomance-foundation,Max Factor,Lasting Perfomance Foundation,Lasting Perfomance Foundation,Rp 160.000,4.1,(13),11.0,Yes (5),No (3),Maybe (5),5.0,3.0,4.1,4.2,11.0,11.0,5.0,5.0,3.0,3.0
1639359709-2066,https://www.sociolla.com/146-face?page=9,,https://www.sociolla.com/blush/10506-face-glow,BLP Beauty,Face Glow,Face Glow,Rp 189.000,4.6,(790),772.0,Yes (556),No (40),Maybe (194),556.0,40.0,4.6,4.6,772.0,228.0,556.0,115.0,40.0,17.0
1639358395-1863,https://www.sociolla.com/146-face?page=23,,https://www.sociolla.com/concealer/52251-instant-makeup-eraser,Masami,Instant makeup eraser,Instant makeup eraser,Rp 129.000,4.8,(1),1.0,Yes (1),No (0),Maybe (0),1.0,0.0,4.8,4.6,1.0,2.0,1.0,1.0,0.0,0.0
1639359198-1993,https://www.sociolla.com/146-face?page=14,,https://www.sociolla.com/liquid-foundation/13754-hello-happy-flawless-brightening,Benefit Cosmetics,Hello Happy Flawless Brightening,Hello Happy Flawless Brightening,Rp 530.000,4.4,(13),10.0,Yes (8),No (4),Maybe (1),8.0,4.0,4.4,4.4,10.0,10.0,8.0,8.0,4.0,4.0
1639358181-1832,https://www.sociolla.com/146-face?page=25,,https://www.sociolla.com/compact-powder/10395-uv-foundation-ex-plus-refill,Cezanne,UV Foundation EX Plus [Refill],UV Foundation EX Plus [Refill],Rp 129.000,3.2,(1),0.0,Yes (0),No (1),Maybe (0),0.0,1.0,3.2,4.2,0.0,2.0,0.0,1.0,1.0,1.0
1639359860-2088,https://www.sociolla.com/146-face?page=8,,https://www.sociolla.com/compact-powder/3782-lightening-two-way-cake-extra-cover-10-gr,Wardah,Lightening Two Way Cake Extra Cover 10 gr,Lightening Two Way Cake Extra Cover 10 gr,Rp 58.000,4.2,"(2,3k)",2049.0,"Yes (1,2k)",No (412),Maybe (750),1.0,412.0,4.2,4.2,2049.0,228.0,1.0,1.0,412.0,17.0
1639360050-2110,https://www.sociolla.com/146-face?page=6,,https://www.sociolla.com/cake-foundation/60776-fit-me-matte-and-poreless-cushion,Maybelline,Fit Me Matte & Poreless Cushion,Fit Me Matte & Poreless Cushion,Rp 225.000,4.9,(130),80.0,Yes (123),No (0),Maybe (7),123.0,0.0,4.9,4.6,80.0,80.0,123.0,115.0,0.0,0.0
1639360211-2131,https://www.sociolla.com/146-face?page=4,,https://www.sociolla.com/highlighter/59247-miss-glow-it-all-palette,Benefit Cosmetics,Miss Glow It All Palette,Miss Glow It All Palette,Rp 560.000,,,,,,,,,4.462214983713356,4.5,213.94193548387096,21.5,87.42948717948718,13.5,23.272435897435898,2.0
1639359727-2069,https://www.sociolla.com/146-face?page=9,,https://www.sociolla.com/loose-powder/698-loose-powder-libre,Bourjois,Loose Powder,Loose Powder,Rp 313.000,4.3,(4),4.0,Yes (1),No (0),Maybe (3),1.0,0.0,4.3,4.3,4.0,4.0,1.0,1.0,0.0,0.0
1639360030-2107,https://www.sociolla.com/146-face?page=6,,https://www.sociolla.com/concealer/59821-the-realest-lightweight-concealer,Rose All Day,The Realest Lightweight Concealer,The Realest Lightweight Concealer,Rp 139.000,4.6,(36),20.0,Yes (30),No (1),Maybe (5),30.0,1.0,4.6,4.6,20.0,20.0,30.0,30.0,1.0,1.0
1639359253-2002,https://www.sociolla.com/146-face?page=13,,https://www.sociolla.com/face-primer/59652-hydraveil-primer-serum-matte-my-day,Azarine,Hydraveil Primer Serum Matte My Day,Hydraveil Primer Serum Matte My Day,Rp 89.000,4.9,(167),106.0,Yes (160),No (0),Maybe (7),160.0,0.0,4.9,4.6,106.0,106.0,160.0,115.0,0.0,0.0
1639358389-1862,https://www.sociolla.com/146-face?page=23,,https://www.sociolla.com/cake-foundation/16522-stay-naked-the-fix-powder-foundation,Urban Decay,Stay Naked The Fix Powder Foundation,Stay Naked The Fix Powder Foundation,Rp 650.000,4.3,(5),5.0,Yes (3),No (0),Maybe (2),3.0,0.0,4.3,4.3,5.0,5.0,3.0,3.0,0.0,0.0
1639358869-1942,https://www.sociolla.com/146-face?page=18,,https://www.sociolla.com/blush/58191-lng-cheek-glow-no-1-rose-pink-ol21,Laneige,LNG Cheek Glow No.1 Rose Pink (OL21),LNG Cheek Glow No.1 Rose Pink (OL21),Rp 350.000 - Rp 436.000Rp 280.000 - Rp 350.000,,,,,,,,,4.462214983713356,4.5,213.94193548387096,21.5,87.42948717948718,13.5,23.272435897435898,2.0
1639358336-1855,https://www.sociolla.com/146-face?page=24,,https://www.sociolla.com/bb-cc-cream/53868-perfect-glow-bb-cream,YOU Makeups,Perfect Glow BB Cream,Perfect Glow BB Cream,Rp 55.000Rp 46.750,4.4,(9),8.0,Yes (6),No (1),Maybe (2),6.0,1.0,4.4,4.4,8.0,8.0,6.0,6.0,1.0,1.0
1639358821-1934,https://www.sociolla.com/146-face?page=19,,https://www.sociolla.com/bb-cc-cream/58296-lng-neo-cushion-matte-no-31n-brown-ol21,Laneige,LNG Neo Cushion-Matte No.31N Brown(OL21),LNG Neo Cushion-Matte No.31N Brown(OL21),Rp 751.000Rp 472.000,4.7,(2),0.0,Yes (2),No (0),Maybe (0),2.0,0.0,4.7,4.6,0.0,2.0,2.0,2.0,0.0,0.0
1639359233-1999,https://www.sociolla.com/146-face?page=14,,https://www.sociolla.com/blush/15266-make-it-glow-adorable-marble,Pixy,Make It Glow Adorable Marble,Make It Glow Adorable Marble,Rp 120.000,4.6,(102),99.0,Yes (77),No (3),Maybe (22),77.0,3.0,4.6,4.6,99.0,99.0,77.0,77.0,3.0,3.0
1639358136-1830,https://www.sociolla.com/146-face?page=25,,https://www.sociolla.com/loose-powder/311-loose-powder,Wardah,,Loose Powder,Rp 160.000,,(16),14.0,Yes (9),No (1),Maybe (6),9.0,1.0,4.462214983713356,4.5,14.0,14.0,9.0,9.0,1.0,1.0
1639358409-1865,https://www.sociolla.com/146-face?page=23,,https://www.sociolla.com/blush/55042-lng-cheek-glow-ol21,Laneige,LNG Cheek Glow  (OL21),LNG Cheek Glow  (OL21),Rp 350.000Rp 264.000,4.0,(3),1.0,Yes (2),No (0),Maybe (1),2.0,0.0,4.0,4.2,1.0,2.0,2.0,2.0,0.0,0.0
1639359239-2000,https://www.sociolla.com/146-face?page=14,,https://www.sociolla.com/cake-foundation/47683-blue-pearlsation-high-coverage-marine-collagen-aqua-cushion-spf50-pa-refill-set,Klavuu,BLUE PEARLSATION High Coverage Marine Collagen Aqua Cushion SPF50+ PA+++ (REFILL SET),BLUE PEARLSATION High Coverage Marine Collagen Aqua Cushion SPF50+ PA+++ (REFILL SET),Rp 525.000Rp 367.500,4.9,(3),2.0,Yes (1),No (0),Maybe (2),1.0,0.0,4.9,4.6,2.0,2.0,1.0,1.0,0.0,0.0
1639359365-2018,https://www.sociolla.com/146-face?page=12,,https://www.sociolla.com/blush/16388-hour-blush,Silkygirl,Hour Blush,Hour Blush,Rp 49.500Rp 29.700,4.0,(53),45.0,Yes (18),No (10),Maybe (25),18.0,10.0,4.0,4.2,45.0,45.0,18.0,18.0,10.0,10.0
1639359378-2020,https://www.sociolla.com/146-face?page=12,,https://www.sociolla.com/cake-foundation/47688-urban-pearlsation-high-coverage-tension-cushion-spf50-pa-refill-set,Klavuu,URBAN PEARLSATION High Coverage Tension Cushion SPF50+ PA++++ (REFILL SET),URBAN PEARLSATION High Coverage Tension Cushion SPF50+ PA++++ (REFILL SET),Rp 575.000Rp 402.500,4.3,(4),4.0,Yes (2),No (0),Maybe (2),2.0,0.0,4.3,4.3,4.0,4.0,2.0,2.0,0.0,0.0
1639360401-2159,https://www.sociolla.com/146-face?page=3,,https://www.sociolla.com/compact-powder/51300-compact-powder,BLP Beauty,Compact Powder,Compact Powder,Rp 149.000,4.5,(156),133.0,Yes (111),No (9),Maybe (36),111.0,9.0,4.5,4.5,133.0,133.0,111.0,111.0,9.0,9.0
1639358578-1892,https://www.sociolla.com/146-face?page=21,,https://www.sociolla.com/face-primer/59653-hydraveil-primer-serum-let-it-glow,Azarine,Hydraveil Primer Serum Let It Glow,Hydraveil Primer Serum Let It Glow,Rp 89.000,4.9,(67),38.0,Yes (63),No (0),Maybe (4),63.0,0.0,4.9,4.6,38.0,38.0,63.0,63.0,0.0,0.0
1639359733-2070,https://www.sociolla.com/146-face?page=9,,https://www.sociolla.com/cake-foundation/59577-holy-flawless-bb-cushion-refill,Looke Cosmetics,Holy Flawless BB Cushion Refill,Holy Flawless BB Cushion Refill,Rp 214.500,4.7,(8),7.0,Yes (7),No (0),Maybe (1),7.0,0.0,4.7,4.6,7.0,7.0,7.0,7.0,0.0,0.0
1639359433-2027,https://www.sociolla.com/146-face?page=12,,https://www.sociolla.com/blush/61512-blushher-disney-marie-the-cat-edition,Wardah,,,,,,,,,,,,4.462214983713356,4.5,213.94193548387096,21.5,87.42948717948718,13.5,23.272435897435898,2.0
1639359659-2059,https://www.sociolla.com/146-face?page=10,,https://www.sociolla.com/foundation/16351-sunglow-foundation,NOTE COSMETICS,Sunglow Foundation,Sunglow Foundation,Rp 149.000Rp 96.850,4.2,(11),8.0,Yes (5),No (2),Maybe (4),5.0,2.0,4.2,4.2,8.0,8.0,5.0,5.0,2.0,2.0
1639360451-2166,https://www.sociolla.com/146-face?page=2,,https://www.sociolla.com/compact-powder/2396-city-chic-cc-cake,Emina,City Chic CC Cake,City Chic CC Cake,Rp 52.500,4.3,"(1,6k)",1487.0,Yes (830),No (273),Maybe (526),830.0,273.0,4.3,4.3,1487.0,228.0,830.0,115.0,273.0,17.0
1639358849-1938,https://www.sociolla.com/146-face?page=18,,https://www.sociolla.com/bb-cc-cream/58529-boss-babe-bb-cream,Beauty Boss,Boss Babe BB Cream,Boss Babe BB Cream,Rp 180.000,4.8,(1),1.0,Yes (1),No (0),Maybe (0),1.0,0.0,4.8,4.6,1.0,2.0,1.0,1.0,0.0,0.0
1639358867-1941,https://www.sociolla.com/146-face?page=18,,https://www.sociolla.com/compact-powder/23715-saemmul-perfect-pore-pact,the saem,Saemmul Perfect Pore Pact,Saemmul Perfect Pore Pact,Rp 199.000,4.5,(2),2.0,Yes (2),No (0),Maybe (0),2.0,0.0,4.5,4.5,2.0,2.0,2.0,2.0,0.0,0.0
1639358529-1884,https://www.sociolla.com/146-face?page=22,,https://www.sociolla.com/face-primer/28782-waso-poreless-matte-primer,Shiseido,Waso Poreless Matte Primer,Waso Poreless Matte Primer,Rp 430.000Rp 215.000,,,,,,,,,4.462214983713356,4.5,213.94193548387096,21.5,87.42948717948718,13.5,23.272435897435898,2.0
1639360366-2154,https://www.sociolla.com/146-face?page=3,,https://www.sociolla.com/loose-powder/10134-loose-powder,Focallure,Loose Powder,Loose Powder,Rp 89.000Rp 49.840,4.4,(454),415.0,Yes (270),No (56),Maybe (128),270.0,56.0,4.4,4.4,415.0,228.0,270.0,115.0,56.0,17.0
1639359073-1973,https://www.sociolla.com/146-face?page=15,,https://www.sociolla.com/liquid-foundation/11542-air-fluid-foundation,Focallure,Air Fluid Foundation,Air Fluid Foundation,Rp 198.000Rp 126.720,4.5,(12),7.0,Yes (7),No (1),Maybe (4),7.0,1.0,4.5,4.5,7.0,7.0,7.0,7.0,1.0,1.0
1639359721-2068,https://www.sociolla.com/146-face?page=9,,https://www.sociolla.com/loose-powder/61100-noutriwear-airy-fit-loose-powder,YOU Makeups,NoutriWear+ Airy Fit Loose Powder,NoutriWear+ Airy Fit Loose Powder,Rp 69.500Rp 59.075,4.8,(1),1.0,Yes (1),No (0),Maybe (0),1.0,0.0,4.8,4.6,1.0,2.0,1.0,1.0,0.0,0.0
1639358974-1958,https://www.sociolla.com/146-face?page=17,,https://www.sociolla.com/compact-powder/13917-pro-face-powder,LA GIRL,Pro Face Powder,Pro Face Powder,Rp 179.000Rp 125.300,4.2,(15),14.0,Yes (7),No (3),Maybe (5),7.0,3.0,4.2,4.2,14.0,14.0,7.0,7.0,3.0,3.0
1639358255-1844,https://www.sociolla.com/146-face?page=24,,https://www.sociolla.com/highlighter/10793-gleamed-fluid-strobe,Rollover Reaction,Gleamed Fluid Strobe,Gleamed Fluid Strobe,Rp 149.000,3.9,(37),27.0,Yes (10),No (16),Maybe (11),10.0,16.0,3.9,4.2,27.0,27.0,10.0,10.0,16.0,16.0
1639359083-1975,https://www.sociolla.com/146-face?page=15,,https://www.sociolla.com/loose-powder/24877-no-pore-blur-powder,Silkygirl,No Pore Blur Powder - Blossom Collection,No Pore Blur Powder - Blossom Collection,Rp 62.000Rp 37.200,3.7,(2),2.0,Yes (1),No (0),Maybe (1),1.0,0.0,3.7,4.2,2.0,2.0,1.0,1.0,0.0,0.0
1639360320-2148,https://www.sociolla.com/146-face?page=3,,https://www.sociolla.com/bronzer/25004-sunkissed-matte-bronzing-powder,Goban,Sunkissed Matte Bronzing Powder,Sunkissed Matte Bronzing Powder,Rp 130.000Rp 71.500,4.5,(295),284.0,Yes (171),No (23),Maybe (101),171.0,23.0,4.5,4.5,284.0,228.0,171.0,115.0,23.0,17.0
1639358433-1868,https://www.sociolla.com/146-face?page=23,,https://www.sociolla.com/compact-powder/53869-the-simplicity-flawless-skin-compact-powder,YOU Makeups,The Simplicity Flawless Skin Compact Powder,The Simplicity Flawless Skin Compact Powder,Rp 55.000Rp 46.750,4.4,(22),17.0,Yes (12),No (1),Maybe (9),12.0,1.0,4.4,4.4,17.0,17.0,12.0,12.0,1.0,1.0
1639359740-2071,https://www.sociolla.com/146-face?page=9,,https://www.sociolla.com/loose-powder/9352-esme-df-true-matte-oily-skin-types,Erha,Esme Df True Matte Oily Skin Types,Esme Df True Matte Oily Skin Types,Rp 111.100Rp 97.768,4.3,(72),68.0,Yes (51),No (5),Maybe (16),51.0,5.0,4.3,4.3,68.0,68.0,51.0,51.0,5.0,5.0
1639359060-1971,https://www.sociolla.com/146-face?page=15,,https://www.sociolla.com/compact-powder/16883-twc,PAC,Twc PAC,Twc PAC,Rp 224.100,4.3,(15),14.0,Yes (7),No (4),Maybe (4),7.0,4.0,4.3,4.3,14.0,14.0,7.0,7.0,4.0,4.0
1639360312-2147,https://www.sociolla.com/146-face?page=3,,https://www.sociolla.com/setting-spray/61106-dazzling-tone-up-spray,YOU Makeups,Dazzling Tone Up Spray,Dazzling Tone Up Spray,Rp 99.000Rp 84.150,,,,,,,,,4.462214983713356,4.5,213.94193548387096,21.5,87.42948717948718,13.5,23.272435897435898,2.0
1639358774-1925,https://www.sociolla.com/146-face?page=19,,https://www.sociolla.com/face-primer/25887-healthy-mix-primer-universal-shade,Bourjois,Healthy Mix Primer Universal Shade,Healthy Mix Primer Universal Shade,Rp 174.000,4.8,(3),3.0,Yes (3),No (0),Maybe (0),3.0,0.0,4.8,4.6,3.0,3.0,3.0,3.0,0.0,0.0
1639358207-1838,https://www.sociolla.com/146-face?page=25,,https://www.sociolla.com/loose-powder/10681-shimmering-powder,Make Over,Shimmering Powder,Shimmering Powder,,4.5,(41),38.0,Yes (26),No (1),Maybe (14),26.0,1.0,4.5,4.5,38.0,38.0,26.0,26.0,1.0,1.0
1639359691-2064,https://www.sociolla.com/146-face?page=10,,https://www.sociolla.com/compact-powder/5098-infallible-pro-matte-powder,Loreal Paris,Infallible Pro-Matte Powder,Infallible Pro-Matte Powder,Rp 209.000Rp 160.930,4.4,(409),386.0,Yes (266),No (35),Maybe (108),266.0,35.0,4.4,4.4,386.0,228.0,266.0,115.0,35.0,17.0
1639359428-2026,https://www.sociolla.com/146-face?page=12,,https://www.sociolla.com/blush/56487-crystallure-precious-lustre-prism-blush,Wardah,Crystallure Precious Lustre Prism Blush,Crystallure Precious Lustre Prism Blush,Rp 126.500,5.0,(11),9.0,Yes (7),No (0),Maybe (4),7.0,0.0,5.0,4.6,9.0,9.0,7.0,7.0,0.0,0.0
1639359330-2015,https://www.sociolla.com/146-face?page=13,,https://www.sociolla.com/blush/7642-dandelion-powder-mini-blush-,Benefit Cosmetics,Dandelion Powder Mini blush,Dandelion Powder Mini blush,Rp 290.000,4.2,(95),85.0,Yes (45),No (19),Maybe (31),45.0,19.0,4.2,4.2,85.0,85.0,45.0,45.0,19.0,17.0
1639358875-1943,https://www.sociolla.com/146-face?page=18,,https://www.sociolla.com/bb-cc-cream/58300-lng-neo-cushion-glow-no-25n-tan-ol21,Laneige,LNG Neo Cushion-Glow No.25N Tan (OL21),LNG Neo Cushion-Glow No.25N Tan (OL21),Rp 751.000Rp 472.000,,,,,,,,,4.462214983713356,4.5,213.94193548387096,21.5,87.42948717948718,13.5,23.272435897435898,2.0
1639358819-1933,https://www.sociolla.com/146-face?page=19,,https://www.sociolla.com/bb-cc-cream/58303-lng-neo-cushion-matte-no-31n-brown-ol21,Laneige,LNG Neo Cushion-Glow No.31N Brown(OL21),LNG Neo Cushion-Glow No.31N Brown(OL21),Rp 751.000Rp 472.000,5.0,(3),3.0,Yes (2),No (0),Maybe (1),2.0,0.0,5.0,4.6,3.0,3.0,2.0,2.0,0.0,0.0
1639359043-1969,https://www.sociolla.com/146-face?page=17,,https://www.sociolla.com/blush/59809-colorland-explorer-colorland-focus-on-me-blush,YOU Makeups,Colorland Explorer Colorland Focus On Me Blush,Colorland Explorer Colorland Focus On Me Blush,Rp 58.000,4.0,(1),1.0,Yes (0),No (1),Maybe (0),0.0,1.0,4.0,4.2,1.0,2.0,0.0,1.0,1.0,1.0
1639358583-1893,https://www.sociolla.com/146-face?page=21,,https://www.sociolla.com/blush/13880-cheek-stain,BLP Beauty,Cheek Stain,Cheek Stain,Rp 129.000,4.5,(395),372.0,Yes (276),No (22),Maybe (97),276.0,22.0,4.5,4.5,372.0,228.0,276.0,115.0,22.0,17.0
1639358527-1883,https://www.sociolla.com/146-face?page=22,,https://www.sociolla.com/liquid-foundation/12384-banila-co-prime-primer-fitting-foundation,banila co.,Banila Co Prime Primer Fitting Foundation,Banila Co Prime Primer Fitting Foundation,Rp 450.000,3.5,(2),1.0,Yes (1),No (1),Maybe (0),1.0,1.0,3.5,4.2,1.0,2.0,1.0,1.0,1.0,1.0
1639360232-2135,https://www.sociolla.com/146-face?page=4,,https://www.sociolla.com/bb-cc-cream/25111-bb-femme-foundation-liquid,Madame Gie,BB Femme Foundation Liquid,BB Femme Foundation Liquid,Rp 54.100Rp 35.165,4.3,(66),58.0,Yes (33),No (7),Maybe (26),33.0,7.0,4.3,4.3,58.0,58.0,33.0,33.0,7.0,7.0
1639359605-2054,https://www.sociolla.com/146-face?page=10,,https://www.sociolla.com/liquid-foundation/13921-pro-coverage-hd-foundation,LA GIRL,Pro Coverage Hd Foundation,Pro Coverage Hd Foundation,Rp 280.000Rp 196.000,4.4,(36),33.0,Yes (23),No (6),Maybe (7),23.0,6.0,4.4,4.4,33.0,33.0,23.0,23.0,6.0,6.0
1639358281-1849,https://www.sociolla.com/146-face?page=24,,https://www.sociolla.com/compact-powder/53983-the-simplicity-flawless-skin-two-way-cake,YOU Makeups,The Simplicity Flawless Skin Two Way Cake,The Simplicity Flawless Skin Two Way Cake,Rp 65.000Rp 55.250,4.3,(9),8.0,Yes (6),No (0),Maybe (3),6.0,0.0,4.3,4.3,8.0,8.0,6.0,6.0,0.0,0.0
1639358440-1869,https://www.sociolla.com/146-face?page=23,,https://www.sociolla.com/cake-foundation/9393-acne-care-loose-foundation,Mineral Botanica,Acne Care Loose Foundation,Acne Care Loose Foundation,Rp 77.900Rp 54.530,4.5,(52),42.0,Yes (35),No (5),Maybe (12),35.0,5.0,4.5,4.5,42.0,42.0,35.0,35.0,5.0,5.0
1639358807-1931,https://www.sociolla.com/146-face?page=19,,https://www.sociolla.com/liquid-foundation/25849-foundation-city-radiance-anti-grise-mine,Bourjois,Foundation City Radiance Anti Grise Mine,Foundation City Radiance Anti Grise Mine,Rp 294.000,5.0,(1),1.0,Yes (1),No (0),Maybe (0),1.0,0.0,5.0,4.6,1.0,2.0,1.0,1.0,0.0,0.0
1639360062-2112,https://www.sociolla.com/146-face?page=6,,https://www.sociolla.com/compact-powder/16783-the-realest-lightweight-compact-powder,Rose All Day,The Realest Lightweight Compact Powder,The Realest Lightweight Compact Powder,Rp 175.000,4.5,(508),467.0,Yes (380),No (19),Maybe (109),380.0,19.0,4.5,4.5,467.0,228.0,380.0,115.0,19.0,17.0
1639359066-1972,https://www.sociolla.com/146-face?page=15,,https://www.sociolla.com/blush/423-new-blush-pastel,Bourjois,New Blush Pastel,New Blush Pastel,Rp 182.000,4.3,(8),8.0,Yes (5),No (0),Maybe (3),5.0,0.0,4.3,4.3,8.0,8.0,5.0,5.0,0.0,0.0
1639360267-2140,https://www.sociolla.com/146-face?page=4,,https://www.sociolla.com/loose-powder/15447-photoready-candid-setting-powder,Revlon,Photoready Candid Setting Powder,Photoready Candid Setting Powder,Rp 115.000Rp 80.500,4.5,(14),14.0,Yes (13),No (0),Maybe (1),13.0,0.0,4.5,4.5,14.0,14.0,13.0,13.0,0.0,0.0
1639360275-2141,https://www.sociolla.com/146-face?page=4,,https://www.sociolla.com/liquid-foundation/58262-hydrastay-glow-fluid-foundation,Make Over,Hydrastay Glow Fluid Foundation,Hydrastay Glow Fluid Foundation,Rp 175.000,4.7,(47),37.0,Yes (38),No (1),Maybe (8),38.0,1.0,4.7,4.6,37.0,37.0,38.0,38.0,1.0,1.0
1639360110-2119,https://www.sociolla.com/146-face?page=5,,https://www.sociolla.com/loose-powder/15883-setting-powder,ESQA,Setting Powder,Setting Powder,Rp 165.000,4.6,(409),346.0,Yes (298),No (16),Maybe (95),298.0,16.0,4.6,4.6,346.0,228.0,298.0,115.0,16.0,16.0
1639359600-2053,https://www.sociolla.com/146-face?page=10,,https://www.sociolla.com/compact-powder/2316-perfect-cover-two-way-cake-12gr,Make Over,Perfect Cover Two Way Cake 12gr,Perfect Cover Two Way Cake 12gr,Rp 157.000Rp 141.300,4.5,"(1,2k)",1172.0,Yes (890),No (71),Maybe (247),890.0,71.0,4.5,4.5,1172.0,228.0,890.0,115.0,71.0,17.0
1639358829-1935,https://www.sociolla.com/146-face?page=19,,https://www.sociolla.com/cake-foundation/55029-lng-layering-cover-cushion-ol21,Laneige,LNG Layering Cover Cushion (OL21),LNG Layering Cover Cushion (OL21),Rp 480.000Rp 357.500,3.9,(2),2.0,Yes (1),No (0),Maybe (1),1.0,0.0,3.9,4.2,2.0,2.0,1.0,1.0,0.0,0.0
1639359985-2101,https://www.sociolla.com/146-face?page=6,,https://www.sociolla.com/cake-foundation/16704-powerstay-total-cover-matte-cream-foundation,Make Over,Powerstay Total Cover Matte Cream Foundation,Powerstay Total Cover Matte Cream Foundation,Rp 145.000,4.6,(181),169.0,Yes (132),No (11),Maybe (38),132.0,11.0,4.6,4.6,169.0,169.0,132.0,115.0,11.0,11.0
1639359157-1986,https://www.sociolla.com/146-face?page=14,,https://www.sociolla.com/blush/16374-cool-chic-blush-stick,Silkygirl,Cool Chic Blush Stick,Cool Chic Blush Stick,Rp 70.000,4.4,(31),29.0,Yes (18),No (3),Maybe (10),18.0,3.0,4.4,4.4,29.0,29.0,18.0,18.0,3.0,3.0
1639358246-1843,https://www.sociolla.com/146-face?page=24,,https://www.sociolla.com/blush/55504-kem-ma-hong-i-m-meme-i-m-bare-cheek-liquid,IMMEME,I'm Bare Cheek Liquid,I'm Bare Cheek Liquid,Rp 195.000Rp 97.500,,,,,,,,,4.462214983713356,4.5,213.94193548387096,21.5,87.42948717948718,13.5,23.272435897435898,2.0
1639358641-1903,https://www.sociolla.com/146-face?page=21,,https://www.sociolla.com/liquid-foundation/5199-colorstay-liquid-makeup-for-combination-oily,Revlon,Colorstay Liquid Makeup For Combination/Oily,Colorstay Liquid Makeup For Combination/Oily,Rp 145.000Rp 79.750,4.3,(379),336.0,Yes (213),No (59),Maybe (107),213.0,59.0,4.3,4.3,336.0,228.0,213.0,115.0,59.0,17.0
1639359273-2006,https://www.sociolla.com/146-face?page=13,,https://www.sociolla.com/cake-foundation/16552-magic-cushion,Everwhite,Magic Cushion,Magic Cushion,Rp 170.500Rp 114.235,4.5,(101),90.0,Yes (58),No (4),Maybe (39),58.0,4.0,4.5,4.5,90.0,90.0,58.0,58.0,4.0,4.0
1639359192-1992,https://www.sociolla.com/146-face?page=14,,https://www.sociolla.com/liquid-foundation/10705-everyday-luminous-creamy-foundation,Wardah,Everyday Luminous Creamy Foundation,Everyday Luminous Creamy Foundation,Rp 37.000 - Rp 39.000,4.3,(199),156.0,Yes (102),No (35),Maybe (62),102.0,35.0,4.3,4.3,156.0,156.0,102.0,102.0,35.0,17.0
1639358925-1951,https://www.sociolla.com/146-face?page=18,,https://www.sociolla.com/liquid-foundation/24211-studio-series-dura-wear-lightweight-full-cover-liquid-foundation,Mineral Botanica,Studio Series Dura Wear Lightweight Full Cover Liquid Foundation,Studio Series Dura Wear Lightweight Full Cover Liquid Foundation,Rp 172.000Rp 120.400,4.7,(32),23.0,Yes (28),No (1),Maybe (3),28.0,1.0,4.7,4.6,23.0,23.0,28.0,28.0,1.0,1.0
1639358347-1856,https://www.sociolla.com/146-face?page=24,,https://www.sociolla.com/highlighter/53845-sparkling-you-illuminating,YOU Makeups,Sparkling You Illuminating,Sparkling You Illuminating,Rp 59.000Rp 50.150,4.6,(4),3.0,Yes (2),No (0),Maybe (2),2.0,0.0,4.6,4.6,3.0,3.0,2.0,2.0,0.0,0.0
1639359304-2011,https://www.sociolla.com/146-face?page=13,,https://www.sociolla.com/pressed-powder/55603-acneact-acne-pressed-powder,Erha,AcneAct Acne Pressed Powder,AcneAct Acne Pressed Powder,Rp 108.900Rp 93.654,4.4,(7),5.0,Yes (6),No (0),Maybe (1),6.0,0.0,4.4,4.4,5.0,5.0,6.0,6.0,0.0,0.0
1639358369-1859,https://www.sociolla.com/146-face?page=23,,https://www.sociolla.com/loose-powder/10476-natural-loose-powder-for-acne,Elsheskin,Natural Loose Powder For Acne,Natural Loose Powder For Acne,Rp 135.000Rp 132.300,4.2,(45),41.0,Yes (27),No (5),Maybe (13),27.0,5.0,4.2,4.2,41.0,41.0,27.0,27.0,5.0,5.0
1639359145-1985,https://www.sociolla.com/146-face?page=15,,https://www.sociolla.com/cake-foundation/10600-cover-foundation,RIVERA,Cover Foundation,Cover Foundation,Rp 84.000,4.3,(17),12.0,Yes (9),No (4),Maybe (4),9.0,4.0,4.3,4.3,12.0,12.0,9.0,9.0,4.0,4.0
1639358986-1960,https://www.sociolla.com/146-face?page=17,,https://www.sociolla.com/cake-foundation/7725-powdery-foundation-spf-15-pa-,Revlon,Powdery Foundation SPF 15 PA ++,Powdery Foundation SPF 15 PA ++,Rp 125.000Rp 87.500,4.1,(95),86.0,Yes (51),No (17),Maybe (27),51.0,17.0,4.1,4.2,86.0,86.0,51.0,51.0,17.0,17.0
1639359000-1962,https://www.sociolla.com/146-face?page=17,,https://www.sociolla.com/cake-foundation/53883-dream-skin-perfect-cushion,YOU Makeups,Dream Skin Perfect Cushion,Dream Skin Perfect Cushion,Rp 229.000Rp 194.650,4.3,(12),11.0,Yes (8),No (0),Maybe (4),8.0,0.0,4.3,4.3,11.0,11.0,8.0,8.0,0.0,0.0
1639359323-2014,https://www.sociolla.com/146-face?page=13,,https://www.sociolla.com/highlighter/15667-highlighter,Sorcha,Highlighter,Highlighter,Rp 185.000,4.5,(62),59.0,Yes (39),No (3),Maybe (20),39.0,3.0,4.5,4.5,59.0,59.0,39.0,39.0,3.0,3.0
1639359020-1965,https://www.sociolla.com/146-face?page=17,,https://www.sociolla.com/setting-spray/56553-porefessional-super-setter-setting-spray-mini,Benefit Cosmetics,Porefessional Super Setter Setting Spray Mini,Porefessional Super Setter Setting Spray Mini,Rp 260.000,5.0,(5),5.0,Yes (4),No (0),Maybe (1),4.0,0.0,5.0,4.6,5.0,5.0,4.0,4.0,0.0,0.0
1639358613-1898,https://www.sociolla.com/146-face?page=21,,https://www.sociolla.com/highlighter/59781-colorland-explorer-focus-on-me-highlighter,YOU Makeups,Colorland Explorer Focus On Me Highlighter,Colorland Explorer Focus On Me Highlighter,Rp 58.000,5.0,(1),1.0,Yes (1),No (0),Maybe (0),1.0,0.0,5.0,4.6,1.0,2.0,1.0,1.0,0.0,0.0
1639358706-1913,https://www.sociolla.com/146-face?page=20,,https://www.sociolla.com/concealer/30131-123-perfect-cc-eye-cream-concealer,Bourjois,123 Perfect CC Eye Cream Concealer,123 Perfect CC Eye Cream Concealer,Rp 145.000,4.2,(9),9.0,Yes (3),No (4),Maybe (2),3.0,4.0,4.2,4.2,9.0,9.0,3.0,3.0,4.0,4.0
1639360495-2173,https://www.sociolla.com/146-face?page=2,,https://www.sociolla.com/face-primer/7645-the-porefessional-primer,Benefit Cosmetics,The Porefessional Primer,The Porefessional Primer,Rp 560.000,4.4,(237),227.0,Yes (139),No (21),Maybe (77),139.0,21.0,4.4,4.4,227.0,227.0,139.0,115.0,21.0,17.0
1639360134-2121,https://www.sociolla.com/146-face?page=5,,https://www.sociolla.com/foundation/10874-powerstay-weightless-liquid-foundation,Make Over,Powerstay Weightless Liquid Foundation,Powerstay Weightless Liquid Foundation,Rp 175.000Rp 157.500,4.5,(675),618.0,Yes (487),No (49),Maybe (139),487.0,49.0,4.5,4.5,618.0,228.0,487.0,115.0,49.0,17.0
1639360395-2158,https://www.sociolla.com/146-face?page=3,,https://www.sociolla.com/bb-cc-cream/54308-perfecting-cushion-intense,Sulwhasoo,Perfecting Cushion Intense #21,Perfecting Cushion Intense #21,Rp 1.100.000Rp 825.000,,,,,,,,,4.462214983713356,4.5,213.94193548387096,21.5,87.42948717948718,13.5,23.272435897435898,2.0
1639360023-2106,https://www.sociolla.com/146-face?page=6,,https://www.sociolla.com/makeup/16360-bb-cream,NOTE COSMETICS,BB Cream,Makeup,Rp 119.000Rp 77.350,4.7,(174),163.0,Yes (115),No (9),Maybe (50),115.0,9.0,4.7,4.6,163.0,163.0,115.0,115.0,9.0,9.0
1639360502-2174,https://www.sociolla.com/146-face?page=2,,https://www.sociolla.com/loose-powder/54069-hydrastay-radiant-finishing-powder,Make Over,Hydrastay Radiant Finishing Powder,Hydrastay Radiant Finishing Powder,Rp 120.000,4.6,(128),100.0,Yes (93),No (6),Maybe (29),93.0,6.0,4.6,4.6,100.0,100.0,93.0,93.0,6.0,6.0
1639358201-1837,https://www.sociolla.com/146-face?page=25,,https://www.sociolla.com/cake-foundation/11076-bb-cushion,Moko Moko,BB Cushion,BB Cushion,Rp 219.000,4.2,(5),4.0,Yes (2),No (1),Maybe (2),2.0,1.0,4.2,4.2,4.0,4.0,2.0,2.0,1.0,1.0
1639360294-2144,https://www.sociolla.com/146-face?page=4,,https://www.sociolla.com/highlighter/51268-fabulous-lava-light-liquid-highlighter,Madame Gie,Fabulous Lava Light Liquid Highlighter,Fabulous Lava Light Liquid Highlighter,Rp 42.800Rp 27.820,4.2,(13),9.0,Yes (3),No (2),Maybe (8),3.0,2.0,4.2,4.2,9.0,9.0,3.0,3.0,2.0,2.0
1639358937-1953,https://www.sociolla.com/146-face?page=18,,https://www.sociolla.com/bb-cc-cream/49161-rubin-signature-airy-bb-cushion,Sada By Cathy Sharon,Rubin Signature Airy BB Cushion,Rubin Signature Airy BB Cushion,Rp 219.000Rp 87.600 - Rp 109.500,4.5,(14),8.0,Yes (7),No (3),Maybe (4),7.0,3.0,4.5,4.5,8.0,8.0,7.0,7.0,3.0,3.0
1639358187-1834,https://www.sociolla.com/146-face?page=25,,https://www.sociolla.com/contour/10400-shading-stick,Cezanne,Shading Stick,Shading Stick,Rp 199.000,4.0,(7),5.0,Yes (2),No (2),Maybe (3),2.0,2.0,4.0,4.2,5.0,5.0,2.0,2.0,2.0,2.0
1639360036-2108,https://www.sociolla.com/146-face?page=6,,https://www.sociolla.com/makeup/49162-lunis-micro-translucent-powder,Sada By Cathy Sharon,Lunis Micro Translucent Powder,Lunis Micro Translucent Powder,Rp 149.500Rp 74.750,4.6,(30),25.0,Yes (23),No (1),Maybe (6),23.0,1.0,4.6,4.6,25.0,25.0,23.0,23.0,1.0,1.0
1639359054-1970,https://www.sociolla.com/146-face?page=15,,https://www.sociolla.com/highlighter/56206-cheek-lit-highlighter-stick-nudetwinkle,Emina,Cheek Lit Highlighter Stick Nudetwinkle,Cheek Lit Highlighter Stick Nudetwinkle,Rp 54.000,4.5,(24),21.0,Yes (15),No (2),Maybe (7),15.0,2.0,4.5,4.5,21.0,21.0,15.0,15.0,2.0,2.0
1639359586-2051,https://www.sociolla.com/146-face?page=10,,https://www.sociolla.com/concealer/16355-perfecting-pen,NOTE COSMETICS,Perfecting Pen,Perfecting Pen,Rp 99.000Rp 64.350,4.5,(314),301.0,Yes (194),No (19),Maybe (101),194.0,19.0,4.5,4.5,301.0,228.0,194.0,115.0,19.0,17.0
1639358272-1848,https://www.sociolla.com/146-face?page=24,,https://www.sociolla.com/cake-foundation/55040-lng-water-glow-gel-foundation-ol21,Laneige,LNG Water Glow Gel Foundation (OL21),LNG Water Glow Gel Foundation (OL21),Rp 560.000Rp 397.000,,,,,,,,,4.462214983713356,4.5,213.94193548387096,21.5,87.42948717948718,13.5,23.272435897435898,2.0
1639358993-1961,https://www.sociolla.com/146-face?page=17,,https://www.sociolla.com/cake-foundation/8715-glam-rock-aqua-foundation,Mizzu,Glam Rock Aqua Foundation,Glam Rock Aqua Foundation,Rp 157.500,4.3,(412),383.0,Yes (206),No (83),Maybe (123),206.0,83.0,4.3,4.3,383.0,228.0,206.0,115.0,83.0,17.0
1639359459-2031,https://www.sociolla.com/146-face?page=12,,https://www.sociolla.com/liquid-foundation/39081-foundation-healthy-mix-relaunch-17,Bourjois,Foundation Healthy Mix Relaunch 17,Foundation Healthy Mix Relaunch 17,Rp 321.000Rp 192.600,4.4,(81),79.0,Yes (56),No (6),Maybe (19),56.0,6.0,4.4,4.4,79.0,79.0,56.0,56.0,6.0,6.0
1639359259-2003,https://www.sociolla.com/146-face?page=13,,https://www.sociolla.com/tinted-moisturizer/58662-skintone-moisture-tint-bliss,Joylab,Skintone Moisture Tint Bliss,Skintone Moisture Tint Bliss,Rp 140.000Rp 133.000,4.7,(3),3.0,Yes (1),No (0),Maybe (2),1.0,0.0,4.7,4.6,3.0,3.0,1.0,1.0,0.0,0.0
1639359317-2013,https://www.sociolla.com/146-face?page=13,,https://www.sociolla.com/tinted-moisturizer/58661-skintone-moisture-tint-joy,Joylab,Skintone Moisture Tint Joy,Skintone Moisture Tint Joy,Rp 140.000Rp 133.000,4.4,(5),3.0,Yes (3),No (1),Maybe (1),3.0,1.0,4.4,4.4,3.0,3.0,3.0,3.0,1.0,1.0
1639360099-2117,https://www.sociolla.com/146-face?page=5,,https://www.sociolla.com/bb-cc-cream/53871-the-simplicity-color-corrector-cc-cushion,YOU Makeups,The Simplicity Color Corrector CC Cushion,The Simplicity Color Corrector CC Cushion,Rp 115.000Rp 97.750,4.5,(49),42.0,Yes (32),No (2),Maybe (15),32.0,2.0,4.5,4.5,42.0,42.0,32.0,32.0,2.0,2.0
1639359618-2055,https://www.sociolla.com/146-face?page=10,,https://www.sociolla.com/liquid-foundation/47642-sheer-glow-liquid-foundation,Focallure,Sheer Glow Liquid Foundation,Sheer Glow Liquid Foundation,Rp 198.000Rp 120.780,,,,Yes (4),No (1),Maybe (2),4.0,1.0,4.462214983713356,4.5,213.94193548387096,21.5,4.0,4.0,1.0,1.0
1639359417-2025,https://www.sociolla.com/146-face?page=12,,https://www.sociolla.com/blush/9395-blush-on,Mineral Botanica,The Grail Blush On,The Grail Blush On,Rp 49.900Rp 34.930 - Rp 49.900,,,,Yes (153),No (35),Maybe (96),153.0,35.0,4.462214983713356,4.5,213.94193548387096,21.5,153.0,115.0,35.0,17.0
1639358298-1851,https://www.sociolla.com/146-face?page=24,,https://www.sociolla.com/liquid-foundation/53954-foundation-radiance-skin-foundation,Wardah,,,,,,,,,,,,4.462214983713356,4.5,213.94193548387096,21.5,87.42948717948718,13.5,23.272435897435898,2.0
1639359994-2103,https://www.sociolla.com/146-face?page=6,,https://www.sociolla.com/bronzer/15882-bronzer,ESQA,Bronzer,Bronzer,Rp 135.000,4.6,(324),293.0,Yes (219),No (8),Maybe (97),219.0,8.0,4.6,4.6,293.0,228.0,219.0,115.0,8.0,8.0
1639358790-1928,https://www.sociolla.com/146-face?page=19,,https://www.sociolla.com/liquid-foundation/16902-liquid-foundation,PAC,Liquid Foundation,Liquid Foundation,Rp 181.400,4.5,(13),11.0,Yes (8),No (1),Maybe (4),8.0,1.0,4.5,4.5,11.0,11.0,8.0,8.0,1.0,1.0
1639360246-2137,https://www.sociolla.com/146-face?page=4,,https://www.sociolla.com/blush/25108-sweet-cheek-blushed,Madame Gie,Sweet Cheek Blushed,Sweet Cheek Blushed,Rp 30.400Rp 19.760,4.5,(314),285.0,Yes (194),No (32),Maybe (88),194.0,32.0,4.5,4.5,285.0,228.0,194.0,115.0,32.0,17.0
1639359568-2049,https://www.sociolla.com/146-face?page=11,,https://www.sociolla.com/highlighter/16358-terracotta-powder,Wardah,whoops,,,,,,,,,,,4.462214983713356,4.5,213.94193548387096,21.5,87.42948717948718,13.5,23.272435897435898,2.0
1639359076-1974,https://www.sociolla.com/146-face?page=15,,https://www.sociolla.com/compact-powder/49230-translucent-pressed-powder,Wardah,,,,,,,,,,,,4.462214983713356,4.5,213.94193548387096,21.5,87.42948717948718,13.5,23.272435897435898,2.0
1639359122-1981,https://www.sociolla.com/146-face?page=15,,https://www.sociolla.com/liquid-foundation/10417-the-realest-lightweight-foundation-,Rose All Day,The Realest Lightweight Foundation,The Realest Lightweight Foundation,Rp 209.000,4.4,(367),333.0,Yes (229),No (40),Maybe (98),229.0,40.0,4.4,4.4,333.0,228.0,229.0,115.0,40.0,17.0
1639358719-1915,https://www.sociolla.com/146-face?page=20,,https://www.sociolla.com/blush/24875-bloom-n-blush,Silkygirl,Bloom n Blush - Blossom Collection,Bloom n Blush - Blossom Collection,Rp 72.000Rp 43.200,4.4,(7),3.0,Yes (3),No (2),Maybe (2),3.0,2.0,4.4,4.4,3.0,3.0,3.0,3.0,2.0,2.0
1639360170-2126,https://www.sociolla.com/146-face?page=5,,https://www.sociolla.com/cake-foundation/14166-exclusive-flawless-cover-cushion,Wardah,Exclusive Flawless Cover Cushion,Exclusive Flawless Cover Cushion,Rp 138.000,4.5,(337),315.0,Yes (216),No (31),Maybe (90),216.0,31.0,4.5,4.5,315.0,228.0,216.0,115.0,31.0,17.0
1639358618-1899,https://www.sociolla.com/146-face?page=21,,https://www.sociolla.com/setting-spray/61099-noutriwear-makeup-stay-lock-mist,YOU Makeups,NoutriWear+ Makeup Stay Lock Mist,NoutriWear+ Makeup Stay Lock Mist,Rp 58.000Rp 49.300,4.4,(3),1.0,Yes (2),No (0),Maybe (1),2.0,0.0,4.4,4.4,1.0,2.0,2.0,2.0,0.0,0.0
1639358193-1836,https://www.sociolla.com/146-face?page=25,,https://www.sociolla.com/cake-foundation/11075-bb-cushion,Moko Moko,BB Cushion,BB Cushion,Rp 199.000,4.3,(19),16.0,Yes (5),No (5),Maybe (9),5.0,5.0,4.3,4.3,16.0,16.0,5.0,5.0,5.0,5.0
1639358184-1833,https://www.sociolla.com/146-face?page=25,,https://www.sociolla.com/setting-spray/11537-face-mist,Mineral Botanica,Face Mist,Face Mist,,4.2,(443),413.0,Yes (252),No (65),Maybe (126),252.0,65.0,4.2,4.2,413.0,228.0,252.0,115.0,65.0,17.0
1639358589-1894,https://www.sociolla.com/146-face?page=21,,https://www.sociolla.com/liquid-foundation/10150-cant-stop-wont-stop-foundation-wont-stop-foundation-nude,NYX Professional Makeup,Can't Stop Won't Stop Foundation (Won't Stop Foundation - Nude),Can't Stop Won't Stop Foundation (Won't Stop Foundation - Nude),Rp 199.000,4.4,(494),454.0,Yes (304),No (62),Maybe (128),304.0,62.0,4.4,4.4,454.0,228.0,304.0,115.0,62.0,17.0
1639360469-2169,https://www.sociolla.com/146-face?page=2,,https://www.sociolla.com/pressed-powder/53048-flawless-powder-foundation,ESQA,Flawless Powder Foundation,Flawless Powder Foundation,Rp 185.000,4.6,(170),135.0,Yes (116),No (8),Maybe (46),116.0,8.0,4.6,4.6,135.0,135.0,116.0,115.0,8.0,8.0
1639358888-1945,https://www.sociolla.com/146-face?page=18,,https://www.sociolla.com/compact-powder/16375-silky-white-brightening-2-way-powder-foundation,Silkygirl,Silky White Brightening 2-Way Powder Foundation,Silky White Brightening 2-Way Powder Foundation,Rp 65.000Rp 39.000,4.0,(15),12.0,Yes (6),No (4),Maybe (5),6.0,4.0,4.0,4.2,12.0,12.0,6.0,6.0,4.0,4.0
1639358676-1908,https://www.sociolla.com/146-face?page=20,,https://www.sociolla.com/cake-foundation/16877-refill-creamy-foundation,PAC,Refill Creamy Foundation,Refill Creamy Foundation,Rp 179.000,4.2,(2),2.0,Yes (2),No (0),Maybe (0),2.0,0.0,4.2,4.2,2.0,2.0,2.0,2.0,0.0,0.0
1639358124-1829,https://www.sociolla.com/146-face?page=25,,https://www.sociolla.com/face-primer/12385-banila-co-prime-primer-sun,Wardah,,,,,,,,,,,,4.462214983713356,4.5,213.94193548387096,21.5,87.42948717948718,13.5,23.272435897435898,2.0
1639360483-2171,https://www.sociolla.com/146-face?page=2,,https://www.sociolla.com/concealer/13263-hideem-contour-and-concealer,Mizzu,Hide'em Contour and Concealer,Makeup,Rp 66.000,4.4,(437),392.0,Yes (269),No (41),Maybe (127),269.0,41.0,4.4,4.4,392.0,228.0,269.0,115.0,41.0,17.0
1639360423-2162,https://www.sociolla.com/146-face?page=2,,https://www.sociolla.com/highlighter/12227-highlighter,ESQA,Highlighter,Highlighter,Rp 135.000,4.5,(427),384.0,Yes (268),No (37),Maybe (122),268.0,37.0,4.5,4.5,384.0,228.0,268.0,115.0,37.0,17.0
1639360239-2136,https://www.sociolla.com/146-face?page=4,,https://www.sociolla.com/bb-cc-cream/9749-m-perfect-bb-cream-spf42-pa,Missha,M Perfect BB Cream SPF42 PA+++,M Perfect BB Cream SPF42 PA+++,Rp 137.500 - Rp 379.500Rp 68.750 - Rp 189.750,4.3,(311),255.0,Yes (163),No (58),Maybe (90),163.0,58.0,4.3,4.3,255.0,228.0,163.0,115.0,58.0,17.0
1639359988-2102,https://www.sociolla.com/146-face?page=6,,https://www.sociolla.com/compact-powder/10715-lightening-two-way-cake-light-feel,Wardah,Lightening Two Way Cake Light Feel,Lightening Two Way Cake Light Feel,Rp 52.500,4.4,(754),690.0,Yes (464),No (76),Maybe (214),464.0,76.0,4.4,4.4,690.0,228.0,464.0,115.0,76.0,17.0
1639359186-1991,https://www.sociolla.com/146-face?page=14,,https://www.sociolla.com/loose-powder/13264-airlight,Mizzu,Airlight,Airlight,Rp 112.700,4.4,(55),52.0,Yes (31),No (4),Maybe (20),31.0,4.0,4.4,4.4,52.0,52.0,31.0,31.0,4.0,4.0
1639359008-1963,https://www.sociolla.com/146-face?page=17,,https://www.sociolla.com/liquid-foundation/17206-covericious-power-fit-foundation,banila co.,Covericious Power Fit Foundation,Covericious Power Fit Foundation,Rp 540.000,4.4,(1),1.0,Yes (1),No (0),Maybe (0),1.0,0.0,4.4,4.4,1.0,2.0,1.0,1.0,0.0,0.0
1639359479-2034,https://www.sociolla.com/146-face?page=11,,https://www.sociolla.com/compact-powder/16029-powder-foundation,Rubiena,Powder Foundation,Powder Foundation,Rp 90.000Rp 45.000,4.2,(8),8.0,Yes (4),No (1),Maybe (3),4.0,1.0,4.2,4.2,8.0,8.0,4.0,4.0,1.0,1.0
1639358325-1854,https://www.sociolla.com/146-face?page=24,,https://www.sociolla.com/compact-powder/53890-studio-matte-powder-foundation,YOU Makeups,Studio Matte Powder Foundation,Studio Matte Powder Foundation,Rp 99.000Rp 84.150,,,,,,,,,4.462214983713356,4.5,213.94193548387096,21.5,87.42948717948718,13.5,23.272435897435898,2.0
1639359672-2061,https://www.sociolla.com/146-face?page=10,,https://www.sociolla.com/bb-cc-cream/58160-mineral-botanica-bb-cream,Mineral Botanica,Mineral Botanica BB Cream,Mineral Botanica BB Cream,Rp 61.900Rp 43.330,4.8,(66),59.0,Yes (61),No (1),Maybe (4),61.0,1.0,4.8,4.6,59.0,59.0,61.0,61.0,1.0,1.0
1639358949-1954,https://www.sociolla.com/146-face?page=17,,https://www.sociolla.com/face-primer/47789-start-up-matt-primer,A'pieu,Start Up Matt Primer,Start Up Matt Primer,Rp 189.000Rp 122.850,4.5,(4),4.0,Yes (1),No (0),Maybe (3),1.0,0.0,4.5,4.5,4.0,4.0,1.0,1.0,0.0,0.0
1639360164-2125,https://www.sociolla.com/146-face?page=5,,https://www.sociolla.com/compact-powder/14408-uvw-twc-perfect-last,Pixy,UVW TWC Perfect Last,UVW TWC Perfect Last,Rp 35.000,4.5,(654),609.0,Yes (457),No (56),Maybe (141),457.0,56.0,4.5,4.5,609.0,228.0,457.0,115.0,56.0,17.0
1639359848-2086,https://www.sociolla.com/146-face?page=8,,https://www.sociolla.com/blush/23634-juicy-pang-jelly-blusher,A'pieu,Juicy Pang Jelly Blusher,Juicy Pang Jelly Blusher,Rp 169.000Rp 118.300,4.5,(109),106.0,Yes (73),No (5),Maybe (31),73.0,5.0,4.5,4.5,106.0,106.0,73.0,73.0,5.0,5.0
1639359470-2033,https://www.sociolla.com/146-face?page=12,,https://www.sociolla.com/concealer/56780-squeeze-me-up-liquid-concealer,Wardah,,,,,,,,,,,,4.462214983713356,4.5,213.94193548387096,21.5,87.42948717948718,13.5,23.272435897435898,2.0
1639358784-1927,https://www.sociolla.com/146-face?page=19,,https://www.sociolla.com/compact-powder/16880-refill-twc,PAC,Refill Twc,Refill Twc,Rp 175.600,4.3,(2),2.0,Yes (2),No (0),Maybe (0),2.0,0.0,4.3,4.3,2.0,2.0,2.0,2.0,0.0,0.0
1639358606-1897,https://www.sociolla.com/146-face?page=21,,https://www.sociolla.com/highlighter/15509-perfect-glow-highlight-and-contour-palette,Mineral Botanica,Perfect Glow Highlight and Contour Palette,Perfect Glow Highlight and Contour Palette,Rp 179.900Rp 125.930,4.6,(44),30.0,Yes (32),No (1),Maybe (11),32.0,1.0,4.6,4.6,30.0,30.0,32.0,32.0,1.0,1.0
1639359535-2043,https://www.sociolla.com/146-face?page=11,,https://www.sociolla.com/cake-foundation/10086-instaperfect-matte-fit-powder-foundation,Wardah,Instaperfect MATTE FIT Powder Foundation,Instaperfect MATTE FIT Powder Foundation,Rp 125.000,4.5,(341),314.0,Yes (230),No (25),Maybe (86),230.0,25.0,4.5,4.5,314.0,228.0,230.0,115.0,25.0,17.0
1639358567-1890,https://www.sociolla.com/146-face?page=21,,https://www.sociolla.com/liquid-foundation/14880-healthy-skin-harmony-miracle-,Max Factor,Healthy Skin Harmony Miracle,Healthy Skin Harmony Miracle,Rp 200.000,4.6,(11),10.0,Yes (8),No (0),Maybe (3),8.0,0.0,4.6,4.6,10.0,10.0,8.0,8.0,0.0,0.0
1639358572-1891,https://www.sociolla.com/146-face?page=21,,https://www.sociolla.com/cake-foundation/53590-special-package-holy-flawless-bb-cushion,Looke Cosmetics,Special Package Holy Flawless BB Cushion,Special Package Holy Flawless BB Cushion,Rp 225.000,4.7,(10),10.0,Yes (8),No (0),Maybe (2),8.0,0.0,4.7,4.6,10.0,10.0,8.0,8.0,0.0,0.0
1639358502-1878,https://www.sociolla.com/146-face?page=22,,https://www.sociolla.com/liquid-foundation/15372-lng-water-glow-gel-foundation-ol19,Laneige,LNG Water Glow Gel Foundation (OL19),LNG Water Glow Gel Foundation (OL19),Rp 560.000Rp 408.000,5.0,(1),1.0,Yes (1),No (0),Maybe (0),1.0,0.0,5.0,4.6,1.0,2.0,1.0,1.0,0.0,0.0
1639358120-1828,https://www.sociolla.com/146-face?page=25,,https://www.sociolla.com/concealer/9929-boi-ing-industrial-strength,Benefit Cosmetics,Boi-ing Industrial Strength,Boi-ing Industrial Strength,,4.1,(3),3.0,Yes (2),No (1),Maybe (0),2.0,1.0,4.1,4.2,3.0,3.0,2.0,2.0,1.0,1.0
1639358220-1840,https://www.sociolla.com/146-face?page=25,,https://www.sociolla.com/foundation/16455-bb-cushion,Silkygirl,BB Cushion,BB Cushion,,4.2,(63),54.0,Yes (33),No (13),Maybe (17),33.0,13.0,4.2,4.2,54.0,54.0,33.0,33.0,13.0,13.0
1639358595-1895,https://www.sociolla.com/146-face?page=21,,https://www.sociolla.com/cake-foundation/16015-magic-cushion-cover-lasting-special-set-2323rpuff,Missha,Magic Cushion Cover Lasting Special Set 23+23(R)+Puff,Magic Cushion Cover Lasting Special Set 23+23(R)+Puff,Rp 599.000Rp 299.500,4.5,(15),12.0,Yes (8),No (2),Maybe (5),8.0,2.0,4.5,4.5,12.0,12.0,8.0,8.0,2.0,2.0
1639358744-1920,https://www.sociolla.com/146-face?page=20,,https://www.sociolla.com/concealer/25894-radiance-reveal-concealer,Bourjois,Radiance Reveal Concealer,Radiance Reveal Concealer,Rp 170.000,4.7,(2),2.0,Yes (2),No (0),Maybe (0),2.0,0.0,4.7,4.6,2.0,2.0,2.0,2.0,0.0,0.0
1639359089-1976,https://www.sociolla.com/146-face?page=15,,https://www.sociolla.com/loose-powder/2394-bare-with-me-mineral-loose-powder,Emina,Bare With Me Mineral Loose Powder,Bare With Me Mineral Loose Powder,Rp 53.500,4.3,(758),665.0,Yes (372),No (135),Maybe (251),372.0,135.0,4.3,4.3,665.0,228.0,372.0,115.0,135.0,17.0
1639360339-2150,https://www.sociolla.com/146-face?page=3,,https://www.sociolla.com/primer/53820-ultra-bluring-serum-primer,Saat Insight,Ultra Bluring Serum Primer,Ultra Bluring Serum Primer,Rp 285.000Rp 129.000,4.4,(5),3.0,Yes (3),No (1),Maybe (1),3.0,1.0,4.4,4.4,3.0,3.0,3.0,3.0,1.0,1.0
1639360298-2145,https://www.sociolla.com/146-face?page=4,,https://www.sociolla.com/cake-foundation/53566-make-it-glow-dewy-cushion-free-refill,Pixy,Make It Glow Dewy Cushion FREE Refill,Make It Glow Dewy Cushion FREE Refill,Rp 215.000Rp 125.000,4.5,(16),8.0,Yes (13),No (2),Maybe (1),13.0,2.0,4.5,4.5,8.0,8.0,13.0,13.0,2.0,2.0
1639359163-1987,https://www.sociolla.com/146-face?page=14,,https://www.sociolla.com/liquid-foundation/14175-stay-naked-weightless-liquid-foundation-up-to-24-hour-wear,Urban Decay,Stay Naked Weightless Liquid  Foundation - Up To 24-Hour Wear,Stay Naked Weightless Liquid  Foundation - Up To 24-Hour Wear,Rp 650.000,4.5,(26),26.0,Yes (18),No (1),Maybe (7),18.0,1.0,4.5,4.5,26.0,26.0,18.0,18.0,1.0,1.0
1639359515-2040,https://www.sociolla.com/146-face?page=11,,https://www.sociolla.com/compact-powder/3781-exclusive-two-way-cake-12gr,Wardah,Exclusive Two Way Cake - 12gr,Exclusive Two Way Cake - 12gr,Rp 90.500,4.4,"(1,4k)",1285.0,Yes (844),No (174),Maybe (365),844.0,174.0,4.4,4.4,1285.0,228.0,844.0,115.0,174.0,17.0
1639358756-1922,https://www.sociolla.com/146-face?page=19,,https://www.sociolla.com/compact-powder/3222-poudre-silk-edition,Wardah,,,,,,,,,,,,4.462214983713356,4.5,213.94193548387096,21.5,87.42948717948718,13.5,23.272435897435898,2.0
1639358664-1906,https://www.sociolla.com/146-face?page=20,,https://www.sociolla.com/setting-spray/16841-dreamsetter-glowy-setting-spray,Studio Tropik,Dreamsetter Glowy Setting Spray,Dreamsetter Glowy Setting Spray,Rp 64.900Rp 59.059,4.5,(306),278.0,Yes (230),No (20),Maybe (56),230.0,20.0,4.5,4.5,278.0,228.0,230.0,115.0,20.0,17.0
1639359593-2052,https://www.sociolla.com/146-face?page=10,,https://www.sociolla.com/liquid-foundation/16350-luminous-moisturizing-foundation,NOTE COSMETICS,Luminous Moisturizing Foundation,Luminous Moisturizing Foundation,Rp 119.000Rp 77.350,4.3,(22),19.0,Yes (10),No (2),Maybe (10),10.0,2.0,4.3,4.3,19.0,19.0,10.0,10.0,2.0,2.0
1639360476-2170,https://www.sociolla.com/146-face?page=2,,https://www.sociolla.com/cake-foundation/54067-hydrastay-lite-glow-cushion,Make Over,Hydrastay Lite Glow Cushion,Hydrastay Lite Glow Cushion,Rp 215.000,4.6,(373),331.0,Yes (294),No (11),Maybe (68),294.0,11.0,4.6,4.6,331.0,228.0,294.0,115.0,11.0,11.0
1639359102-1978,https://www.sociolla.com/146-face?page=15,,https://www.sociolla.com/loose-powder/16383-no-sebum-mineral-powder,Silkygirl,No Sebum Mineral Powder,No Sebum Mineral Powder,Rp 75.000,4.0,(19),13.0,Yes (8),No (3),Maybe (8),8.0,3.0,4.0,4.2,13.0,13.0,8.0,8.0,3.0,3.0
1639359299-2010,https://www.sociolla.com/146-face?page=13,,https://www.sociolla.com/blush/53916-the-simplicity-flush-blush,YOU Makeups,The Simplicity Flush Blush,The Simplicity Flush Blush,Rp 49.000Rp 41.650,4.6,(47),41.0,Yes (28),No (1),Maybe (18),28.0,1.0,4.6,4.6,41.0,41.0,28.0,28.0,1.0,1.0
1639360225-2134,https://www.sociolla.com/146-face?page=4,,https://www.sociolla.com/concealer/60977-serum-concealer,Dear Me Beauty,Serum Concealer,Serum Concealer,Rp 129.000,4.5,(8),7.0,Yes (5),No (0),Maybe (3),5.0,0.0,4.5,4.5,7.0,7.0,5.0,5.0,0.0,0.0
1639358520-1882,https://www.sociolla.com/146-face?page=22,,https://www.sociolla.com/cake-foundation/17107-cf-cushion,Lagom,CF Cushion,CF Cushion,Rp 510.000Rp 280.500,3.9,(2),1.0,Yes (0),No (0),Maybe (2),0.0,0.0,3.9,4.2,1.0,2.0,0.0,1.0,0.0,0.0
1639359541-2044,https://www.sociolla.com/146-face?page=11,,https://www.sociolla.com/cake-foundation/26303-luminous-pearl-bb-cushion,Erha,Luminous Pearl BB Cushion,Luminous Pearl BB Cushion,Rp 198.000Rp 174.240,4.5,(26),17.0,Yes (20),No (2),Maybe (4),20.0,2.0,4.5,4.5,17.0,17.0,20.0,20.0,2.0,2.0
1639359210-1995,https://www.sociolla.com/146-face?page=14,,https://www.sociolla.com/cake-foundation/9391-two-way-cake-foundation,Mineral Botanica,Two Way Cake Foundation,Two Way Cake Foundation,Rp 75.900Rp 53.130,4.6,(50),37.0,Yes (31),No (2),Maybe (17),31.0,2.0,4.6,4.6,37.0,37.0,31.0,31.0,2.0,2.0
1639360182-2128,https://www.sociolla.com/146-face?page=5,,https://www.sociolla.com/makeup/58346-loreal-loreal-paris-x-aeris-bundle-2,Loreal Paris,Loreal Paris x Aeris Bundle 2,Loreal Paris x Aeris Bundle 2,Rp 429.000Rp 257.400,,,,,,,,,4.462214983713356,4.5,213.94193548387096,21.5,87.42948717948718,13.5,23.272435897435898,2.0
1639360388-2157,https://www.sociolla.com/146-face?page=3,,https://www.sociolla.com/liquid-foundation/28486-synchro-skin-self-refreshing-liquid-foundation,Shiseido,Synchro Skin Self-Refreshing Liquid Foundation,Synchro Skin Self-Refreshing Liquid Foundation,Rp 700.000Rp 350.000 - Rp 700.000,4.8,(2),2.0,Yes (1),No (1),Maybe (0),1.0,1.0,4.8,4.6,2.0,2.0,1.0,1.0,1.0,1.0
1639360043-2109,https://www.sociolla.com/146-face?page=6,,https://www.sociolla.com/cake-foundation/61116-bare-cushion,Guele Cosmetics,Bare Cushion,Bare Cushion,Rp 179.000,4.8,(6),5.0,Yes (6),No (0),Maybe (0),6.0,0.0,4.8,4.6,5.0,5.0,6.0,6.0,0.0,0.0
1639360404-2160,https://www.sociolla.com/146-face?page=3,,https://www.sociolla.com/cake-foundation/47680-blue-pearlsation-high-coverage-marine-collagen-aqua-cushion-spf50-pa,Wardah,,,,,,,,,,,,4.462214983713356,4.5,213.94193548387096,21.5,87.42948717948718,13.5,23.272435897435898,2.0
1639358814-1932,https://www.sociolla.com/146-face?page=19,,https://www.sociolla.com/bb-cc-cream/15928-sekkisei-white-bb-cream,KOSE,Sekkisei White BB Cream,Sekkisei White BB Cream,Rp 409.000,4.8,(8),8.0,Yes (7),No (0),Maybe (1),7.0,0.0,4.8,4.6,8.0,8.0,7.0,7.0,0.0,0.0
1639360065-2113,https://www.sociolla.com/146-face?page=6,,https://www.sociolla.com/loose-powder/9298-face-powder,BLP Beauty,Face Powder,Face Powder,Rp 149.000,,,,"Yes (1,5k)",No (64),Maybe (301),1.0,64.0,4.462214983713356,4.5,213.94193548387096,21.5,1.0,1.0,64.0,17.0
1639359108-1979,https://www.sociolla.com/146-face?page=15,,https://www.sociolla.com/blush/58263-juicy-mood-blusher,Nacific,Juicy Mood Blusher,Juicy Mood Blusher,Rp 120.000Rp 84.000,4.6,(28),16.0,Yes (20),No (3),Maybe (5),20.0,3.0,4.6,4.6,16.0,16.0,20.0,20.0,3.0,3.0
1639358840-1937,https://www.sociolla.com/146-face?page=19,,https://www.sociolla.com/concealer/699-concealer-healthy-mix-,Bourjois,Healthy Mix Relaunch 17 Concealer,Healthy Mix Relaunch 17 Concealer,Rp 176.000,4.3,(12),6.0,Yes (6),No (3),Maybe (3),6.0,3.0,4.3,4.3,6.0,6.0,6.0,6.0,3.0,3.0
1639358894-1946,https://www.sociolla.com/146-face?page=18,,https://www.sociolla.com/bb-cc-cream/58291-lng-neo-cushion-glow-no-23n-sand-ol21,Laneige,LNG Neo Cushion-Glow No.23N Sand (OL21),LNG Neo Cushion-Glow No.23N Sand (OL21),Rp 751.000Rp 600.800,4.4,(1),1.0,Yes (1),No (0),Maybe (0),1.0,0.0,4.4,4.4,1.0,2.0,1.0,1.0,0.0,0.0
1639359174-1989,https://www.sociolla.com/146-face?page=14,,https://www.sociolla.com/bb-cc-cream/10085-instaperfect-mineralight-matte-bb-cushion,Wardah,Instaperfect MINERALIGHT MATTE BB Cushion,Instaperfect MINERALIGHT MATTE BB Cushion,Rp 177.000Rp 159.300,4.4,(468),428.0,Yes (293),No (40),Maybe (135),293.0,40.0,4.4,4.4,428.0,228.0,293.0,115.0,40.0,17.0
1639359180-1990,https://www.sociolla.com/146-face?page=14,,https://www.sociolla.com/face-primer/13146-velvet-skin-coat,DHC,Velvet Skin Coat,Velvet Skin Coat,Rp 299.000Rp 209.300,4.5,(11),9.0,Yes (5),No (0),Maybe (6),5.0,0.0,4.5,4.5,9.0,9.0,5.0,5.0,0.0,0.0
1639360254-2138,https://www.sociolla.com/146-face?page=4,,https://www.sociolla.com/concealer/25118-got-you-covered,Madame Gie,Got You Covered Concealer,Got You Covered Concealer,Rp 41.800Rp 27.170,4.2,(125),88.0,Yes (58),No (30),Maybe (37),58.0,30.0,4.2,4.2,88.0,88.0,58.0,58.0,30.0,17.0
1639359781-2078,https://www.sociolla.com/146-face?page=9,,https://www.sociolla.com/face-primer/47788-start-up-pore-primer,A'pieu,Start Up Pore Primer,Start Up Pore Primer,Rp 189.000Rp 122.850,4.4,(6),4.0,Yes (3),No (0),Maybe (3),3.0,0.0,4.4,4.4,4.0,4.0,3.0,3.0,0.0,0.0
1639359684-2063,https://www.sociolla.com/146-face?page=10,,https://www.sociolla.com/face-primer/16353-skin-perfecting-illuminator,NOTE COSMETICS,Skin Perfecting Illuminator,Skin Perfecting Illuminator,Rp 139.000Rp 90.350,4.7,(5),4.0,Yes (4),No (0),Maybe (1),4.0,0.0,4.7,4.6,4.0,4.0,4.0,4.0,0.0,0.0
1639358881-1944,https://www.sociolla.com/146-face?page=18,,https://www.sociolla.com/blush/7660-sugarbomb-blush-powder,Benefit Cosmetics,Sugarbomb Blush Powder,Sugarbomb Blush Powder,Rp 290.000,4.3,(8),8.0,Yes (5),No (0),Maybe (3),5.0,0.0,4.3,4.3,8.0,8.0,5.0,5.0,0.0,0.0
1639359311-2012,https://www.sociolla.com/146-face?page=13,,https://www.sociolla.com/foundation/14888-new-fit-me-dewy-smooth-foundation-with-pump,Maybelline,NEW Fit Me! Dewy Smooth Foundation with Pump,NEW Fit Me! Dewy Smooth Foundation with Pump,Rp 155.000,4.5,(245),228.0,Yes (173),No (16),Maybe (56),173.0,16.0,4.5,4.5,228.0,228.0,173.0,115.0,16.0,16.0
1639359547-2045,https://www.sociolla.com/146-face?page=11,,https://www.sociolla.com/cake-foundation/14143-facefinity-compact-powder-foundation,Max Factor,Facefinity Compact Powder Foundation,Facefinity Compact Powder Foundation,Rp 255.000,4.4,(7),6.0,Yes (4),No (0),Maybe (3),4.0,0.0,4.4,4.4,6.0,6.0,4.0,4.0,0.0,0.0
1639359215-1996,https://www.sociolla.com/146-face?page=14,,https://www.sociolla.com/face-primer/58080-instant-pore-fix-primer,Silkygirl,Instant Pore Fix Primer,Instant Pore Fix Primer,Rp 95.000,5.0,(1),0.0,Yes (1),No (0),Maybe (0),1.0,0.0,5.0,4.6,0.0,2.0,1.0,1.0,0.0,0.0
1639359497-2037,https://www.sociolla.com/146-face?page=11,,https://www.sociolla.com/highlighter/15267-dot-dot-glow-hydrating-highlighter,Mad For Makeup,Dot Dot Glow Hydrating Highlighter,Dot Dot Glow Hydrating Highlighter,Rp 99.000,4.4,(245),223.0,Yes (139),No (27),Maybe (79),139.0,27.0,4.4,4.4,223.0,223.0,139.0,115.0,27.0,17.0
1639358799-1930,https://www.sociolla.com/146-face?page=19,,https://www.sociolla.com/concealer/58081-fix-it-liquid-concealer,Silkygirl,Fix It Liquid Concealer,Fix It Liquid Concealer,Rp 95.000,,,,,,,,,4.462214983713356,4.5,213.94193548387096,21.5,87.42948717948718,13.5,23.272435897435898,2.0
1639359032-1967,https://www.sociolla.com/146-face?page=17,,https://www.sociolla.com/liquid-foundation/59333-i-m-meme-pink-blur-tone-up-sun-base-40-ml,IMMEME,Pink Blur Tone-Up Sun Base,Pink Blur Tone-Up Sun Base,Rp 210.000Rp 105.000,4.5,(4),1.0,Yes (3),No (1),Maybe (0),3.0,1.0,4.5,4.5,1.0,2.0,3.0,3.0,1.0,1.0
1639359930-2097,https://www.sociolla.com/146-face?page=8,,https://www.sociolla.com/compact-powder/10688-perfect-cover-two-way-cake-refill,Make Over,Perfect Cover Two Way Cake Refill,Perfect Cover Two Way Cake Refill,Rp 109.000,4.6,(152),129.0,Yes (123),No (7),Maybe (22),123.0,7.0,4.6,4.6,129.0,129.0,123.0,115.0,7.0,7.0
1639358424-1867,https://www.sociolla.com/146-face?page=23,,https://www.sociolla.com/blush/59293-fouroscope-air-goddess,Benefit Cosmetics,Fouroscope Air Goddess,Fouroscope Air Goddess,Rp 630.000,5.0,(2),0.0,Yes (2),No (0),Maybe (0),2.0,0.0,5.0,4.6,0.0,2.0,2.0,2.0,0.0,0.0
1639359554-2046,https://www.sociolla.com/146-face?page=11,,https://www.sociolla.com/cake-foundation/47645-moon-glow,Rabbit Habit,Moon Glow,Moon Glow,Rp 289.000,4.5,(23),22.0,Yes (16),No (2),Maybe (5),16.0,2.0,4.5,4.5,22.0,22.0,16.0,16.0,2.0,2.0
1639360373-2155,https://www.sociolla.com/146-face?page=3,,https://www.sociolla.com/cake-foundation/54876-cover-cushion,BLP Beauty,Cover Cushion,Cover Cushion,Rp 189.000,4.6,(249),196.0,Yes (164),No (15),Maybe (70),164.0,15.0,4.6,4.6,196.0,196.0,164.0,115.0,15.0,15.0
1639360125-2120,https://www.sociolla.com/146-face?page=5,,https://www.sociolla.com/setting-spray/14375-dreamsetter-setting-spray,Studio Tropik,Dreamsetter Setting Spray,Dreamsetter Setting Spray,Rp 64.900 - Rp 192.500Rp 59.059 - Rp 175.175,4.6,(504),464.0,Yes (401),No (13),Maybe (90),401.0,13.0,4.6,4.6,464.0,228.0,401.0,115.0,13.0,13.0
1639359678-2062,https://www.sociolla.com/146-face?page=10,,https://www.sociolla.com/compact-powder/3382-everyday-luminous-compact-powder,Wardah,Everyday Luminous Compact Powder,Everyday Luminous Compact Powder,Rp 43.000,4.2,"(1,2k)",1081.0,Yes (556),No (271),Maybe (411),556.0,271.0,4.2,4.2,1081.0,228.0,556.0,115.0,271.0,17.0
1639359439-2028,https://www.sociolla.com/146-face?page=12,,https://www.sociolla.com/liquid-foundation/54777-max-factor-miracle-touch-skin-perfecting-foundation,Max Factor,Miracle Touch Skin Perfecting Foundation,Miracle Touch Skin Perfecting Foundation,Rp 235.000,4.6,(2),2.0,Yes (0),No (0),Maybe (2),0.0,0.0,4.6,4.6,2.0,2.0,0.0,1.0,0.0,0.0
1639358670-1907,https://www.sociolla.com/146-face?page=20,,https://www.sociolla.com/loose-powder/5181-delicate-trans-face-powder-w-moist-43-g,Ultima II,Delicate Trans Face Powder w/Moist 43 g,Delicate Trans Face Powder w/Moist 43 g,Rp 190.000Rp 123.500,4.4,(369),351.0,Yes (260),No (29),Maybe (80),260.0,29.0,4.4,4.4,351.0,228.0,260.0,115.0,29.0,17.0
1639359827-2083,https://www.sociolla.com/146-face?page=8,,https://www.sociolla.com/liquid-foundation/47691-urban-pearlsation-multi-use-fitting-pact-spf30-pa,Klavuu,URBAN PEARLSATION Multi Use Fitting Pact SPF30 PA++,URBAN PEARLSATION Multi Use Fitting Pact SPF30 PA++,Rp 399.000Rp 299.250,4.4,(2),1.0,Yes (1),No (0),Maybe (1),1.0,0.0,4.4,4.4,1.0,2.0,1.0,1.0,0.0,0.0
1639359245-2001,https://www.sociolla.com/146-face?page=14,,https://www.sociolla.com/loose-powder/9354-esme-df-true-matte-normal-skin-types,Erha,Esme Df True Matte Normal Skin Types,Esme Df True Matte Normal Skin Types,Rp 111.100Rp 97.768,4.2,(12),12.0,Yes (7),No (0),Maybe (5),7.0,0.0,4.2,4.2,12.0,12.0,7.0,7.0,0.0,0.0
1639358695-1911,https://www.sociolla.com/146-face?page=20,,https://www.sociolla.com/liquid-foundation/25881-foundation-air-mat,Bourjois,Foundation Air Mat,Foundation Air Mat,Rp 300.000,4.3,(5),5.0,Yes (3),No (1),Maybe (1),3.0,1.0,4.3,4.3,5.0,5.0,3.0,3.0,1.0,1.0
1639360086-2115,https://www.sociolla.com/146-face?page=5,,https://www.sociolla.com/loose-powder/9351-esme-df-true-matte-all-skin-types,Erha,Esme Df True Matte All Skin Types,Esme Df True Matte All Skin Types,Rp 111.100Rp 97.768,4.5,(30),28.0,Yes (20),No (0),Maybe (10),20.0,0.0,4.5,4.5,28.0,28.0,20.0,20.0,0.0,0.0
1639358750-1921,https://www.sociolla.com/146-face?page=20,,https://www.sociolla.com/compact-powder/25847-air-mat-rouge-press-powder,Bourjois,Air Mat Rouge Press Powder,Air Mat Rouge Press Powder,Rp 267.000,,,,,,,,,4.462214983713356,4.5,213.94193548387096,21.5,87.42948717948718,13.5,23.272435897435898,2.0
1639358701-1912,https://www.sociolla.com/146-face?page=20,,https://www.sociolla.com/bb-cc-cream/11072-fair-melody-bb-cream,Moko Moko,Fair Melody BB Cream,Fair Melody BB Cream,Rp 75.000,4.2,(201),185.0,Yes (89),No (34),Maybe (78),89.0,34.0,4.2,4.2,185.0,185.0,89.0,89.0,34.0,17.0
1639358353-1857,https://www.sociolla.com/146-face?page=24,,https://www.sociolla.com/cake-foundation/5213-fresh-mat-bb-cushion,Maybelline,Maybelline Fresh Mat BB Cushion Foundation,Maybelline Fresh Mat BB Cushion Foundation,,4.2,(654),578.0,Yes (327),No (121),Maybe (206),327.0,121.0,4.2,4.2,578.0,228.0,327.0,115.0,121.0,17.0
1639358797-1929,https://www.sociolla.com/146-face?page=19,,https://www.sociolla.com/liquid-foundation/38691-total-effects-7-in-one-day-cream-touch-of-foundation-spf-15,Olay,Total Effects 7 in One Day Cream Touch of Foundation SPF 15,Total Effects 7 in One Day Cream Touch of Foundation SPF 15,Rp 149.900Rp 127.415,4.0,(107),86.0,Yes (48),No (29),Maybe (30),48.0,29.0,4.0,4.2,86.0,86.0,48.0,48.0,29.0,17.0
1639359384-2021,https://www.sociolla.com/146-face?page=12,,https://www.sociolla.com/cake-foundation/56482-crystallure-precious-luminizing-silk-powder-foundation,Wardah,Crystallure Precious Luminizing Silk Powder Foundation,Crystallure Precious Luminizing Silk Powder Foundation,Rp 188.000,4.7,(7),7.0,Yes (4),No (0),Maybe (3),4.0,0.0,4.7,4.6,7.0,7.0,4.0,4.0,0.0,0.0
1639359292-2009,https://www.sociolla.com/146-face?page=13,,https://www.sociolla.com/blush/47762-heart-on-the-cheek,A'pieu,Heart On The Cheek,Heart On The Cheek,Rp 159.000Rp 103.350,4.4,(14),8.0,Yes (7),No (2),Maybe (5),7.0,2.0,4.4,4.4,8.0,8.0,7.0,7.0,2.0,2.0
1639359139-1984,https://www.sociolla.com/146-face?page=15,,https://www.sociolla.com/cake-foundation/10601-shinning-two-way-cake,RIVERA,Shinning Two Way Cake,Shinning Two Way Cake,Rp 111.600,4.3,(8),7.0,Yes (4),No (2),Maybe (2),4.0,2.0,4.3,4.3,7.0,7.0,4.0,4.0,2.0,2.0
1639360189-2129,https://www.sociolla.com/146-face?page=5,,https://www.sociolla.com/pressed-powder/26150-holy-perfecting-pressed-powder,Looke Cosmetics,Holy Perfecting Pressed Powder,Holy Perfecting Pressed Powder,Rp 192.500,4.5,(114),96.0,Yes (88),No (7),Maybe (19),88.0,7.0,4.5,4.5,96.0,96.0,88.0,88.0,7.0,7.0
1639359566-2048,https://www.sociolla.com/146-face?page=11,,https://www.sociolla.com/bronzer/16359-bronzing-powder,NOTE COSMETICS,Bronzing Powder,Bronzing Powder,Rp 169.000Rp 109.850,4.8,(1),1.0,Yes (0),No (0),Maybe (1),0.0,0.0,4.8,4.6,1.0,2.0,0.0,1.0,0.0,0.0
1639360080-2114,https://www.sociolla.com/146-face?page=5,,https://www.sociolla.com/liquid-foundation/27677-uv-whitening-stay-last-serum-foundation,Pixy,UV Whitening Stay Last Serum Foundation,UV Whitening Stay Last Serum Foundation,Rp 65.000,4.6,(639),553.0,Yes (482),No (30),Maybe (127),482.0,30.0,4.6,4.6,553.0,228.0,482.0,115.0,30.0,17.0
1639359646-2057,https://www.sociolla.com/146-face?page=10,,https://www.sociolla.com/compact-powder/10710-everyday-luminous-two-way-cake,Wardah,Everyday Luminous Two Way Cake,Everyday Luminous Two Way Cake,Rp 49.500,4.5,(525),478.0,Yes (356),No (47),Maybe (122),356.0,47.0,4.5,4.5,478.0,228.0,356.0,115.0,47.0,17.0
1639358861-1940,https://www.sociolla.com/146-face?page=18,,https://www.sociolla.com/bb-cc-cream/58292-lng-neo-cushion-matte-no-25n-tan-ol21,Laneige,LNG Neo Cushion-Matte No.25N Tan (OL21),LNG Neo Cushion-Matte No.25N Tan (OL21),Rp 751.000Rp 472.000,3.2,(1),0.0,Yes (0),No (1),Maybe (0),0.0,1.0,3.2,4.2,0.0,2.0,0.0,1.0,1.0,1.0
1639360490-2172,https://www.sociolla.com/146-face?page=2,,https://www.sociolla.com/compact-powder/60737-infallible-oil-killer-high-coverage-powder-natural-matte-and-24-jam-oil-control,Loreal Paris,Infallible Oil Killer High Coverage Powder (Natural Matte & 24 Jam Oil Control),Infallible Oil Killer High Coverage Powder (Natural Matte & 24 Jam Oil Control),Rp 150.000Rp 115.500,4.9,(71),65.0,Yes (69),No (0),Maybe (2),69.0,0.0,4.9,4.6,65.0,65.0,69.0,69.0,0.0,0.0
1639359521-2041,https://www.sociolla.com/146-face?page=11,,https://www.sociolla.com/cake-foundation/13755-hello-happy-velvet-powder,Benefit Cosmetics,Hello Happy Velvet Powder,Hello Happy Velvet Powder,Rp 530.000,4.3,(9),7.0,Yes (5),No (2),Maybe (2),5.0,2.0,4.3,4.3,7.0,7.0,5.0,5.0,2.0,2.0
1639360309-2146,https://www.sociolla.com/146-face?page=3,,https://www.sociolla.com/blush/55069-cheektopia,Benefit Cosmetics,Cheektopia,Cheektopia,Rp 560.000,4.7,(4),3.0,Yes (3),No (0),Maybe (1),3.0,0.0,4.7,4.6,3.0,3.0,3.0,3.0,0.0,0.0
1639358455-1871,https://www.sociolla.com/146-face?page=23,,https://www.sociolla.com/cake-foundation/58048-holy-flawless-bb-cushion-special-vol-2,Looke Cosmetics,Holy Flawless BB Cushion Special Vol 2,Holy Flawless BB Cushion Special Vol 2,Rp 247.500,4.6,(62),54.0,Yes (49),No (1),Maybe (12),49.0,1.0,4.6,4.6,54.0,54.0,49.0,49.0,1.0,1.0
1639358508-1880,https://www.sociolla.com/146-face?page=22,,https://www.sociolla.com/cake-foundation/12626-two-way-cake-natural-white,Wardah,,,,,,,,,,,,4.462214983713356,4.5,213.94193548387096,21.5,87.42948717948718,13.5,23.272435897435898,2.0
1639359133-1983,https://www.sociolla.com/146-face?page=15,,https://www.sociolla.com/loose-powder/16879-loose-powder,PAC,Loose Powder,Loose Powder,Rp 219.500,4.8,(1),1.0,Yes (1),No (0),Maybe (0),1.0,0.0,4.8,4.6,1.0,2.0,1.0,1.0,0.0,0.0
1639360199-2130,https://www.sociolla.com/146-face?page=4,,https://www.sociolla.com/bb-cc-cream/58289-lng-neo-cushion-matte-no-23n-sand-ol21,Laneige,LNG Neo Cushion-Matte No.23N Sand(OL21),LNG Neo Cushion-Matte No.23N Sand(OL21),Rp 751.000Rp 472.000,5.0,(1),1.0,Yes (1),No (0),Maybe (0),1.0,0.0,5.0,4.6,1.0,2.0,1.0,1.0,0.0,0.0
1639359870-2089,https://www.sociolla.com/146-face?page=8,,https://www.sociolla.com/loose-powder/55032-lng-light-fit-powder-ol21,Laneige,LNG Light Fit Powder (OL21),LNG Light Fit Powder (OL21),Rp 646.000Rp 393.750,,,,,,,,,4.462214983713356,4.5,213.94193548387096,21.5,87.42948717948718,13.5,23.272435897435898,2.0
1639359347-2017,https://www.sociolla.com/146-face?page=13,,https://www.sociolla.com/highlighter/9652-riche-glow-face-highlighter,Make Over,Riche Glow Face Highlighter,Riche Glow Face Highlighter,Rp 165.000,4.5,(544),523.0,Yes (360),No (45),Maybe (139),360.0,45.0,4.5,4.5,523.0,228.0,360.0,115.0,45.0,17.0
1639359903-2093,https://www.sociolla.com/146-face?page=8,,https://www.sociolla.com/loose-powder/13931-bright-stuff-loose-powder,Emina,Bright Stuff Loose Powder,Bright Stuff Loose Powder,Rp 22.500,4.5,"(1,8k)",1669.0,"Yes (1,3k)",No (96),Maybe (432),1.0,96.0,4.5,4.5,1669.0,228.0,1.0,1.0,96.0,17.0
1639358900-1947,https://www.sociolla.com/146-face?page=18,,https://www.sociolla.com/cake-foundation/53886-refill-dream-skin-perfect-cushion,YOU Makeups,Refill Dream Skin Perfect Cushion,Refill Dream Skin Perfect Cushion,Rp 132.000Rp 112.200,4.2,(2),1.0,Yes (1),No (1),Maybe (0),1.0,1.0,4.2,4.2,1.0,2.0,1.0,1.0,1.0,1.0
1639359372-2019,https://www.sociolla.com/146-face?page=12,,https://www.sociolla.com/compact-powder/10716-exclusive-creamy-foundation,Wardah,Exclusive Creamy Foundation,Exclusive Creamy Foundation,Rp 94.500,4.3,(69),60.0,Yes (37),No (10),Maybe (22),37.0,10.0,4.3,4.3,60.0,60.0,37.0,37.0,10.0,10.0
1639358293-1850,https://www.sociolla.com/146-face?page=24,,https://www.sociolla.com/compact-powder/53955-flawless-matte-two-way-cake,YOU Makeups,Flawless  Matte Two Way Cake,Flawless  Matte Two Way Cake,Rp 89.000Rp 75.650,4.2,(4),3.0,Yes (2),No (1),Maybe (1),2.0,1.0,4.2,4.2,3.0,3.0,2.0,2.0,1.0,1.0
1639358504-1879,https://www.sociolla.com/146-face?page=22,,https://www.sociolla.com/cake-foundation/13132-jedar-air-cushion,Jedar Cosmetic,Jedar Air Cushion,Jedar Air Cushion,Rp 225.000,3.8,(2),1.0,Yes (0),No (1),Maybe (1),0.0,1.0,3.8,4.2,1.0,2.0,0.0,1.0,1.0,1.0
1639359913-2094,https://www.sociolla.com/146-face?page=8,,https://www.sociolla.com/contour/16354-perfecting-contouring-powder-palette,NOTE COSMETICS,Perfecting Contouring Powder Palette,Perfecting Contouring Powder Palette,Rp 119.000Rp 77.350,4.7,(28),28.0,Yes (21),No (0),Maybe (7),21.0,0.0,4.7,4.6,28.0,28.0,21.0,21.0,0.0,0.0
1639359284-2008,https://www.sociolla.com/146-face?page=13,,https://www.sociolla.com/setting-spray/53816-shield-up-face-fixer,Saat Insight,Shield Up Face Fixer,Shield Up Face Fixer,Rp 270.000Rp 119.000,4.6,(1),1.0,Yes (0),No (0),Maybe (1),0.0,0.0,4.6,4.6,1.0,2.0,0.0,1.0,0.0,0.0
1639360463-2168,https://www.sociolla.com/146-face?page=2,,https://www.sociolla.com/blush/3949-cheeklit-pressed-blush,Emina,Cheeklit Pressed Blush,Cheeklit Pressed Blush,Rp 38.000Rp 28.500 - Rp 34.200,4.4,"(8,4k)",8162.0,"Yes (6,2k)",No (473),"Maybe (1,8k)",6.0,473.0,4.4,4.4,8162.0,228.0,6.0,6.0,473.0,17.0
1639359392-2022,https://www.sociolla.com/146-face?page=12,,https://www.sociolla.com/liquid-foundation/54891-liquid-foudation,Implora,Seamless Liquid Foundation,Seamless Liquid Foundation,Rp 60.000,4.6,(15),14.0,Yes (12),No (0),Maybe (3),12.0,0.0,4.6,4.6,14.0,14.0,12.0,12.0,0.0,0.0
1639359745-2072,https://www.sociolla.com/146-face?page=9,,https://www.sociolla.com/liquid-foundation/12188-powerskin-water-charge-moisturizer,Make Over,Powerskin Water Charge Moisturizer,Powerskin Water Charge Moisturizer,Rp 131.000,4.6,(145),135.0,Yes (93),No (11),Maybe (41),93.0,11.0,4.6,4.6,135.0,135.0,93.0,93.0,11.0,11.0
1639359833-2084,https://www.sociolla.com/146-face?page=8,,https://www.sociolla.com/liquid-foundation/3780-exclusive-liquid-foundation-20-ml,Wardah,Exclusive Liquid Foundation - 20 ml,Exclusive Liquid Foundation - 20 ml,Rp 82.000,4.1,"(1,1k)",921.0,Yes (444),No (256),Maybe (390),444.0,256.0,4.1,4.2,921.0,228.0,444.0,115.0,256.0,17.0
1639358624-1900,https://www.sociolla.com/146-face?page=21,,https://www.sociolla.com/setting-spray/57885-pixy-glowssentials-vitamin-infused-brightening-mist,Pixy,PIXY Glowssentials Vitamin Infused Brightening Mist,PIXY Glowssentials Vitamin Infused Brightening Mist,Rp 31.000,4.7,(19),11.0,Yes (17),No (0),Maybe (2),17.0,0.0,4.7,4.6,11.0,11.0,17.0,17.0,0.0,0.0
1639358514-1881,https://www.sociolla.com/146-face?page=22,,https://www.sociolla.com/loose-powder/12628-loose-powder,Zoya Cosmetics,Loose Powder,Loose Powder,Rp 40.000,4.0,(52),44.0,Yes (15),No (13),Maybe (24),15.0,13.0,4.0,4.2,44.0,44.0,15.0,15.0,13.0,13.0
1639359096-1977,https://www.sociolla.com/146-face?page=15,,https://www.sociolla.com/face-palette/55111-jacquelle-disney-edition-complete-me-face-palette,Jacquelle,Jacquelle Disney Edition Complete Me! Face Palette,Jacquelle Disney Edition Complete Me! Face Palette,Rp 269.000,4.9,(674),421.0,Yes (626),No (4),Maybe (44),626.0,4.0,4.9,4.6,421.0,228.0,626.0,115.0,4.0,4.0
1639358780-1926,https://www.sociolla.com/146-face?page=19,,https://www.sociolla.com/blush/39325-aqua-blush,Bourjois,Aqua Blush,Aqua Blush,Rp 189.000,4.5,(4),3.0,Yes (0),No (2),Maybe (2),0.0,2.0,4.5,4.5,3.0,3.0,0.0,1.0,2.0,2.0
1639359398-2023,https://www.sociolla.com/146-face?page=12,,https://www.sociolla.com/bb-cc-cream/25121-total-cover-bb-femme-cushion,Madame Gie,Total Cover BB Cushion,Total Cover BB Cushion,Rp 152.000Rp 98.800,4.4,(42),38.0,Yes (22),No (5),Maybe (15),22.0,5.0,4.4,4.4,38.0,38.0,22.0,22.0,5.0,5.0
1639360213-2132,https://www.sociolla.com/146-face?page=4,,https://www.sociolla.com/setting-spray/59995-mist-universe-setting-spray,Wardah,,,,,,,,,,,,4.462214983713356,4.5,213.94193548387096,21.5,87.42948717948718,13.5,23.272435897435898,2.0
1639358919-1950,https://www.sociolla.com/146-face?page=18,,https://www.sociolla.com/bb-cc-cream/38999-123-perfect-cc-cream-3-pigments,Bourjois,123 Perfect CC Cream 3 Pigments,123 Perfect CC Cream 3 Pigments,Rp 202.000,4.3,(4),4.0,Yes (2),No (1),Maybe (1),2.0,1.0,4.3,4.3,4.0,4.0,2.0,2.0,1.0,1.0
1639360217-2133,https://www.sociolla.com/146-face?page=4,,https://www.sociolla.com/blush/60026-colorfit-cream-blush,Wardah,Colorfit Cream Blush,Colorfit Cream Blush,Rp 50.000,4.8,(19),15.0,Yes (18),No (0),Maybe (1),18.0,0.0,4.8,4.6,15.0,15.0,18.0,18.0,0.0,0.0
1639360158-2124,https://www.sociolla.com/146-face?page=5,,https://www.sociolla.com/loose-powder/55355-colorfit-mattifying-powder,Wardah,Colorfit Mattifying Powder,Colorfit Mattifying Powder,Rp 84.000,4.6,(75),58.0,Yes (59),No (3),Maybe (13),59.0,3.0,4.6,4.6,58.0,58.0,59.0,59.0,3.0,3.0
1639358600-1896,https://www.sociolla.com/146-face?page=21,,https://www.sociolla.com/liquid-foundation/7506-hd-liquid-coverage-foundation,Catrice,HD Liquid Coverage Foundation,HD Liquid Coverage Foundation,Rp 135.000,4.4,(385),359.0,Yes (225),No (50),Maybe (110),225.0,50.0,4.4,4.4,359.0,228.0,225.0,115.0,50.0,17.0
1639359115-1980,https://www.sociolla.com/146-face?page=15,,https://www.sociolla.com/foundation/16876-studio-coverage-liquid-foundation,PAC,Studio Coverage Liquid Foundation,Studio Coverage Liquid Foundation,Rp 346.500,5.0,(2),1.0,Yes (2),No (0),Maybe (0),2.0,0.0,5.0,4.6,1.0,2.0,2.0,2.0,0.0,0.0
1639359875-2090,https://www.sociolla.com/146-face?page=8,,https://www.sociolla.com/loose-powder/55842-no-sebum-moisture-powder-5g,Innisfree,No Sebum Moisture Powder,No Sebum Moisture Powder,Rp 120.000,4.4,(18),12.0,Yes (13),No (2),Maybe (3),13.0,2.0,4.4,4.4,12.0,12.0,13.0,13.0,2.0,2.0
1639359924-2096,https://www.sociolla.com/146-face?page=8,,https://www.sociolla.com/liquid-foundation/2321-ultra-cover-liquid-matte-foundation,Make Over,Ultra Cover Liquid Matte Foundation,Ultra Cover Liquid Matte Foundation,Rp 149.000,4.5,(416),385.0,Yes (299),No (30),Maybe (87),299.0,30.0,4.5,4.5,385.0,228.0,299.0,115.0,30.0,17.0
1639360059-2111,https://www.sociolla.com/146-face?page=6,,https://www.sociolla.com/pressed-powder/48737-phan-phu-tu-nhien-kiem-dau-12h-chong-nang-new-york-fit-me-matte-poreless-compact-powder-spf28,Maybelline,FIT ME! 12H Oil Control Powder,FIT ME! 12H Oil Control Powder,Rp 64.000 - Rp 75.000,4.6,(288),243.0,Yes (215),No (10),Maybe (63),215.0,10.0,4.6,4.6,243.0,228.0,215.0,115.0,10.0,10.0
1639358762-1923,https://www.sociolla.com/146-face?page=19,,https://www.sociolla.com/pressed-powder/58082-no-sebum-blotting-pact,Silkygirl,No Sebum Blotting Pact,No Sebum Blotting Pact,Rp 85.000,,,,,,,,,4.462214983713356,4.5,213.94193548387096,21.5,87.42948717948718,13.5,23.272435897435898,2.0
1639360359-2153,https://www.sociolla.com/146-face?page=3,,https://www.sociolla.com/bb-cc-cream/8010-lightening-bb-cream,Wardah,Lightening BB Cream,Lightening BB Cream,Rp 32.500 - Rp 62.000,4.2,"(3,2k)",2676.0,"Yes (1,4k)",No (718),"Maybe (1,1k)",1.0,718.0,4.2,4.2,2676.0,228.0,1.0,1.0,718.0,17.0
1639358237-1842,https://www.sociolla.com/146-face?page=24,,https://www.sociolla.com/cake-foundation/11363-sheerlasting-gel-cushion,Sulwhasoo,Sheerlasting Gel Cushion,Sheerlasting Gel Cushion,,4.4,(7),7.0,Yes (4),No (1),Maybe (2),4.0,1.0,4.4,4.4,7.0,7.0,4.0,4.0,1.0,1.0
1639360444-2165,https://www.sociolla.com/146-face?page=2,,https://www.sociolla.com/highlighter/60498-highlight-rich-girl-in-area,barenbliss,Highlight! Rich Girl in Area,Highlight! Rich Girl in Area,Rp 79.000Rp 55.300,4.7,(14),10.0,Yes (12),No (0),Maybe (2),12.0,0.0,4.7,4.6,10.0,10.0,12.0,12.0,0.0,0.0
1639359974-2100,https://www.sociolla.com/146-face?page=6,,https://www.sociolla.com/compact-powder/11605-peko-no-sebum-pact,Holika Holika,Peko No Sebum Pact,Peko No Sebum Pact,Rp 158.000Rp 105.860,4.3,(14),12.0,Yes (7),No (2),Maybe (5),7.0,2.0,4.3,4.3,12.0,12.0,7.0,7.0,2.0,2.0
